"Catalog","OSDVersion","OSDStatus","UpdateOS","UpdateBuild","UpdateArch","UpdateGroup","CreationDate","KBNumber","FileKBNumber","Title","UpdateId","LegacyName","Type","FileName","Size","CompanyTitles","ProductFamilyTitles","Category","UpdateClassificationTitle","MsrcSeverity","SecurityBulletins","UpdateType","PublicationState","HasLicenseAgreement","RequiresLicenseAgreementAcceptance","State","IsLatestRevision","HasEarlierRevision","IsBeta","HasStaleUpdateApprovals","IsApproved","IsDeclined","HasSupersededUpdates","IsSuperseded","IsWsusInfrastructureUpdate","IsEditable","UpdateSource","AdditionalInformationUrls","Description","ReleaseNotes","FileUri","OriginUri","Hash","AdditionalHash","OSDCore","OSDWinPE","OSDGuid","PartitionKey","RowKey"
"Windows 10 Dynamic Update","22.3.8.1","","Windows 10","1607","x64","ComponentDU Critical","8/23/2016 5:00:00 PM","3176937","3176937","Dynamic Update for Windows 10 Version 1607 for AMD64-based Systems (KB3176937)","5699dfbe-ad9d-42fc-ae61-b54c8c78de8e","KB3176937-Windows10Rs1Client-RTM-CriticalDU-X64-TSL","None","Windows10.0-KB3176937-x64.cab","1523064","Microsoft","Windows","Windows 10 Dynamic Update","Critical Updates","Unspecified","","Software","Published","False","False","Ready","True","False","False","False","False","False","False","False","False","False","MicrosoftUpdate","http://support.microsoft.com/kb/3176937","ComponentUpdate:","","http://download.windowsupdate.com/c/msdownload/update/software/crup/2016/08/windows10.0-kb3176937-x64_a701c9df20cd812955e99a52200dd9012aa5202a.cab","http://download.windowsupdate.com/c/msdownload/update/software/crup/2016/08/windows10.0-kb3176937-x64_a701c9df20cd812955e99a52200dd9012aa5202a.cab","167 1 201 223 32 205 129 41 85 233 154 82 32 13 217 1 42 165 32 42","192 149 5 230 238 161 94 200 184 71 214 189 108 202 19 148 66 113 219 156 184 245 134 20 213 207 12 5 159 109 81 27","","","ea4612c8-af07-4ef6-a9c0-50543eedd7b2","Windows 10 Dynamic Update","ea4612c8-af07-4ef6-a9c0-50543eedd7b2"
"Windows 10 Dynamic Update","22.3.8.1","","Windows 10","1607","x86","ComponentDU Critical","8/23/2016 5:00:00 PM","3176937","3176937","Dynamic Update for Windows 10 Version 1607 for x86-based Systems (KB3176937)","fd2dddea-c003-4822-abb1-c44622ca7d8e","KB3176937-Windows10Rs1Client-RTM-CriticalDU-X86-TSL","None","Windows10.0-KB3176937-x86.cab","1010806","Microsoft","Windows","Windows 10 Dynamic Update","Critical Updates","Unspecified","","Software","Published","False","False","Ready","True","False","False","False","False","False","False","False","False","False","MicrosoftUpdate","http://support.microsoft.com/kb/3176937","ComponentUpdate:","","http://download.windowsupdate.com/c/msdownload/update/software/crup/2016/08/windows10.0-kb3176937-x86_8d7a0adffe677d947e6056ed3e8cda31a6d69b0c.cab","http://download.windowsupdate.com/c/msdownload/update/software/crup/2016/08/windows10.0-kb3176937-x86_8d7a0adffe677d947e6056ed3e8cda31a6d69b0c.cab","141 122 10 223 254 103 125 148 126 96 86 237 62 140 218 49 166 214 155 12","167 189 183 157 28 95 189 144 183 58 228 200 220 146 44 89 32 76 138 61 45 52 144 201 10 206 191 215 71 196 190 236","","","658fdb36-3502-4719-ae18-19b5422cdd23","Windows 10 Dynamic Update","658fdb36-3502-4719-ae18-19b5422cdd23"
"Windows 10 Dynamic Update","22.3.8.1","","Windows 10","1607","x86","ComponentDU Critical","10/11/2016 5:00:00 PM","3197099","3197099","Dynamic Update for Windows 10 Version 1607 (KB3197099)","2a03a768-87f8-427d-aa57-60ee49e44b5d","KB3197099-Windows10Rs1Client-RTM-CriticalDU-X86-TSL-World","None","Windows10.0-KB3197099-x86.cab","384291","Microsoft","Windows","Windows 10 Dynamic Update","Critical Updates","Unspecified","","Software","Published","False","False","Ready","True","False","False","False","False","False","False","False","False","False","MicrosoftUpdate","http://support.microsoft.com/kb/3197099","ComponentUpdate:","","http://download.windowsupdate.com/c/msdownload/update/software/crup/2016/10/windows10.0-kb3197099-x86_0b211b88968b5c0e99c80dba685fa4d293927681.cab","http://download.windowsupdate.com/c/msdownload/update/software/crup/2016/10/windows10.0-kb3197099-x86_0b211b88968b5c0e99c80dba685fa4d293927681.cab","11 33 27 136 150 139 92 14 153 200 13 186 104 95 164 210 147 146 118 129","165 135 242 170 5 126 215 252 94 187 219 188 72 14 16 176 111 140 17 223 246 76 51 159 229 154 105 167 140 71 119 127","","","b5490af6-2e5f-4fe7-976c-f55f49cbf029","Windows 10 Dynamic Update","b5490af6-2e5f-4fe7-976c-f55f49cbf029"
"Windows 10 Dynamic Update","22.3.8.1","","Windows 10","1607","x64","ComponentDU Critical","10/11/2016 5:00:00 PM","3197099","3197099","Dynamic Update for Windows 10 Version 1607 for x64-based Systems (KB3197099)","a183ac97-382a-4c20-b958-da34de234d27","KB3197099-Windows10Rs1Client-RTM-CriticalDU-X64-TSL-World","None","Windows10.0-KB3197099-x64.cab","467343","Microsoft","Windows","Windows 10 Dynamic Update","Critical Updates","Unspecified","","Software","Published","False","False","Ready","True","False","False","False","False","False","False","False","False","False","MicrosoftUpdate","http://support.microsoft.com/kb/3197099","ComponentUpdate:","","http://download.windowsupdate.com/c/msdownload/update/software/crup/2016/10/windows10.0-kb3197099-x64_6302b5ce441ff0e40b041970daca0597d7af848d.cab","http://download.windowsupdate.com/c/msdownload/update/software/crup/2016/10/windows10.0-kb3197099-x64_6302b5ce441ff0e40b041970daca0597d7af848d.cab","99 2 181 206 68 31 240 228 11 4 25 112 218 202 5 151 215 175 132 141","52 217 18 253 221 62 167 132 201 84 140 154 29 223 169 174 50 140 30 106 116 214 69 253 58 112 108 206 173 46 2 51","","","df6b09ef-d6f5-4656-88e4-ce987105b1ad","Windows 10 Dynamic Update","df6b09ef-d6f5-4656-88e4-ce987105b1ad"
"Windows 10 Dynamic Update","22.3.8.1","","Windows 10","1607","x64","ComponentDU SafeOS","12/26/2016 2:00:00 PM","3194623","3194623","Dynamic Update for Windows 10 Version 1607 for x64-based Systems (KB3194623)","134376bc-3328-4834-92ae-74b85f95e2fd","KB3194623-Windows10Rs1Client-RTM-SafeOSDU-X64-TSL-World","None","Windows10.0-KB3194623-x64.cab","442806","Microsoft","Windows","Windows Safe OS Dynamic Update Windows 10 Dynamic Update","Critical Updates","Unspecified","","Software","Published","False","False","Ready","True","False","False","False","False","False","False","False","False","False","MicrosoftUpdate","http://support.microsoft.com/kb/3194623","ComponentUpdate:","","http://download.windowsupdate.com/d/msdownload/update/software/crup/2016/09/windows10.0-kb3194623-x64_24ed2b997a5b908f65b4b95bd3e29f371cfae321.cab","http://download.windowsupdate.com/d/msdownload/update/software/crup/2016/09/windows10.0-kb3194623-x64_24ed2b997a5b908f65b4b95bd3e29f371cfae321.cab","36 237 43 153 122 91 144 143 101 180 185 91 211 226 159 55 28 250 227 33","63 26 238 132 189 65 184 82 103 148 42 210 99 238 108 232 46 230 142 159 3 104 132 121 246 250 51 118 139 46 64 241","","","e8551c60-125b-4398-9976-7691e1c5238f","Windows 10 Dynamic Update","e8551c60-125b-4398-9976-7691e1c5238f"
"Windows 10 Dynamic Update","22.3.8.1","","Windows 10","1607","x86","ComponentDU SafeOS","3/14/2017 5:00:03 PM","4013419","4013419","Dynamic Update for Windows 10 Version 1607 (KB4013419)","d63c5acf-5946-4571-90a1-664a8a695e8f","KB4013419-Windows10Rs1Client-RTM-SafeOSDU-X86-TSL-World","None","Windows10.0-KB4013419-x86.cab","10963903","Microsoft","Windows","Windows Safe OS Dynamic Update Windows 10 Dynamic Update","Critical Updates","Unspecified","","Software","Published","False","False","Ready","True","False","False","False","False","False","False","False","False","False","MicrosoftUpdate","http://support.microsoft.com/kb/4013419","ComponentUpdate:","","http://download.windowsupdate.com/d/msdownload/update/software/crup/2017/03/windows10.0-kb4013419-x86_2c073c2ac70ff1bdf2adba996c19d66b6b913e7c.cab","http://download.windowsupdate.com/d/msdownload/update/software/crup/2017/03/windows10.0-kb4013419-x86_2c073c2ac70ff1bdf2adba996c19d66b6b913e7c.cab","44 7 60 42 199 15 241 189 242 173 186 153 108 25 214 107 107 145 62 124","226 191 173 246 217 248 240 119 62 23 159 121 214 225 190 68 109 228 251 151 91 236 69 179 241 12 57 13 189 253 183 236","","","41d3061f-9c41-40cd-a055-8b8c2512f3ac","Windows 10 Dynamic Update","41d3061f-9c41-40cd-a055-8b8c2512f3ac"
"Windows 10 Dynamic Update","22.3.8.1","","Windows 10","1607","x64","ComponentDU SafeOS","3/14/2017 5:00:03 PM","4013419","4013419","Dynamic Update for Windows 10 Version 1607 for x64-based Systems (KB4013419)","93484ccb-6083-4a03-aaf0-bb9575b4ede6","KB4013419-Windows10Rs1Client-RTM-SafeOSDU-X64-TSL-World","None","Windows10.0-KB4013419-x64.cab","12518275","Microsoft","Windows","Windows Safe OS Dynamic Update Windows 10 Dynamic Update","Critical Updates","Unspecified","","Software","Published","False","False","Ready","True","False","False","False","False","False","False","False","False","False","MicrosoftUpdate","http://support.microsoft.com/kb/4013419","ComponentUpdate:","","http://download.windowsupdate.com/c/msdownload/update/software/crup/2017/03/windows10.0-kb4013419-x64_c7ef71ef428fe3d2e105493b8646b8870913f250.cab","http://download.windowsupdate.com/c/msdownload/update/software/crup/2017/03/windows10.0-kb4013419-x64_c7ef71ef428fe3d2e105493b8646b8870913f250.cab","199 239 113 239 66 143 227 210 225 5 73 59 134 70 184 135 9 19 242 80","9 88 199 243 246 5 196 25 218 10 191 31 164 125 180 56 144 160 222 49 82 133 89 117 4 143 127 231 96 207 214 228","","","fbd2e2c8-da69-46a7-b0f2-778cfcd1d4dd","Windows 10 Dynamic Update","fbd2e2c8-da69-46a7-b0f2-778cfcd1d4dd"
"Windows 10 Dynamic Update","22.3.8.1","","Windows 10","1703","x64","ComponentDU SafeOS","5/23/2017 5:00:03 PM","4021572","4021572","2017-05 Dynamic Update for Windows 10 Version 1703 for x64-based Systems (KB4021572)","35d8c88d-f287-4c47-9245-d28fcbff670c","KB4021572-Windows10Rs2Client-RTM-SafeOSDU-X64-TSL-World","None","Windows10.0-KB4021572-x64.cab","2093508","Microsoft","Windows","Windows Safe OS Dynamic Update Windows 10 Dynamic Update","Critical Updates","Unspecified","","Software","Published","False","False","Ready","True","False","False","False","False","False","False","False","False","False","MicrosoftUpdate","http://support.microsoft.com/help/4021572","ComponentUpdate:","","http://download.windowsupdate.com/c/msdownload/update/software/crup/2017/05/windows10.0-kb4021572-x64_98c7220bba2cca05caab99a257190b61785844a0.cab","http://download.windowsupdate.com/c/msdownload/update/software/crup/2017/05/windows10.0-kb4021572-x64_98c7220bba2cca05caab99a257190b61785844a0.cab","152 199 34 11 186 44 202 5 202 171 153 162 87 25 11 97 120 88 68 160","73 219 38 238 180 109 238 193 153 169 194 86 221 224 130 2 123 209 151 133 6 30 214 103 241 137 5 208 197 172 204 3","","","f7d7cfee-31d4-442d-9e05-159ab461f2ac","Windows 10 Dynamic Update","f7d7cfee-31d4-442d-9e05-159ab461f2ac"
"Windows 10 Dynamic Update","22.3.8.1","","Windows 10","1703","x86","ComponentDU SafeOS","5/23/2017 5:00:03 PM","4021572","4021572","2017-05 Dynamic Update for Windows 10 Version 1703 for x86-based Systems (KB4021572)","b7863db4-433e-4fc9-89c4-5ba4cbcd620c","KB4021572-Windows10Rs2Client-RTM-SafeOSDU-X86-TSL-World","None","Windows10.0-KB4021572-x86.cab","1925114","Microsoft","Windows","Windows Safe OS Dynamic Update Windows 10 Dynamic Update","Critical Updates","Unspecified","","Software","Published","False","False","Ready","True","False","False","False","False","False","False","False","False","False","MicrosoftUpdate","http://support.microsoft.com/help/4021572","ComponentUpdate:","","http://download.windowsupdate.com/c/msdownload/update/software/crup/2017/05/windows10.0-kb4021572-x86_ddb5e001e92f89181c6fd2ca164419ae614f58eb.cab","http://download.windowsupdate.com/c/msdownload/update/software/crup/2017/05/windows10.0-kb4021572-x86_ddb5e001e92f89181c6fd2ca164419ae614f58eb.cab","221 181 224 1 233 47 137 24 28 111 210 202 22 68 25 174 97 79 88 235","236 50 252 66 99 66 98 40 174 102 92 54 40 127 190 27 215 138 80 164 214 65 253 250 78 158 90 47 92 176 244 240","","","85bc98b9-0db1-4fb4-bfbf-c8c27c969ee0","Windows 10 Dynamic Update","85bc98b9-0db1-4fb4-bfbf-c8c27c969ee0"
"Windows 10 Dynamic Update","22.3.8.1","","Windows 10","1607","x64","SetupDU","9/12/2017 5:00:03 PM","4039556","4039556","2017-09 Dynamic Update for Windows 10 Version 1607 for x64-based Systems (KB4039556)","fd66e2bc-0a04-4d34-9cea-78fd3d71056e","KB4039556-Windows10Rs1Client-RTM-SetupDU-X64-TSL-World","None","Windows10.0-KB4039556-x64.cab","7851603","Microsoft","Windows","Windows 10 Dynamic Update","Critical Updates","Unspecified","","Software","Published","False","False","Ready","True","False","False","False","False","False","False","False","False","False","MicrosoftUpdate","http://support.microsoft.com/help/4039556","SetupUpdate:","","http://download.windowsupdate.com/d/msdownload/update/software/crup/2017/08/windows10.0-kb4039556-x64_c254664797da48390e795776340844c76343876c.cab","http://download.windowsupdate.com/d/msdownload/update/software/crup/2017/08/windows10.0-kb4039556-x64_c254664797da48390e795776340844c76343876c.cab","194 84 102 71 151 218 72 57 14 121 87 118 52 8 68 199 99 67 135 108","3 222 229 97 4 236 252 220 73 102 221 102 196 242 75 195 56 17 152 204 101 160 17 252 142 91 90 180 83 218 73 10","","","7642935d-ef85-473a-8bd6-ec40a5cd258b","Windows 10 Dynamic Update","7642935d-ef85-473a-8bd6-ec40a5cd258b"
"Windows 10 Dynamic Update","22.3.8.1","","Windows 10","1607","x86","SetupDU","9/12/2017 5:00:03 PM","4039556","4039556","2017-09 Dynamic Update for Windows 10 Version 1607 for x86-based Systems (KB4039556)","f3ab8fe6-ff0d-4ee7-a3c9-08e3fd056051","KB4039556-Windows10Rs1Client-RTM-SetupDU-X86-TSL-World","None","Windows10.0-KB4039556-x86.cab","6630223","Microsoft","Windows","Windows 10 Dynamic Update","Critical Updates","Unspecified","","Software","Published","False","False","Ready","True","False","False","False","False","False","False","False","False","False","MicrosoftUpdate","http://support.microsoft.com/help/4039556","SetupUpdate:","","http://download.windowsupdate.com/d/msdownload/update/software/crup/2017/08/windows10.0-kb4039556-x86_fb4d1d70abfed98e7d432cc2692f8693bfd18925.cab","http://download.windowsupdate.com/d/msdownload/update/software/crup/2017/08/windows10.0-kb4039556-x86_fb4d1d70abfed98e7d432cc2692f8693bfd18925.cab","251 77 29 112 171 254 217 142 125 67 44 194 105 47 134 147 191 209 137 37","188 251 173 81 13 168 163 66 132 216 29 24 71 126 207 166 70 48 243 78 103 42 136 31 86 29 132 224 69 242 70 69","","","5693af46-2513-4252-a996-358584aca14f","Windows 10 Dynamic Update","5693af46-2513-4252-a996-358584aca14f"
"Windows 10 Dynamic Update","22.3.8.1","","Windows 10","1709","x64","ComponentDU SafeOS","11/30/2017 6:00:05 PM","4055237","4055237","2017-11 Dynamic Update for Windows 10 Version 1709 for x64-based Systems (KB4055237)","d54610d9-b7a2-48cf-af78-803147b6249b","KB4055237-Windows10Rs3Client-RTM-SafeOSDU-X64-TSL-World","None","Windows10.0-KB4055237-x64.cab","342880","Microsoft","Windows","Windows Safe OS Dynamic Update Windows 10 Dynamic Update","Critical Updates","Unspecified","","Software","Published","False","False","Ready","True","False","False","False","False","False","False","False","False","False","MicrosoftUpdate","http://support.microsoft.com/help/4055237","ComponentUpdate:","","http://download.windowsupdate.com/d/msdownload/update/software/crup/2017/11/windows10.0-kb4055237-x64_38258288cae1f63ed0a238752b8270960f4dc48c.cab","http://download.windowsupdate.com/d/msdownload/update/software/crup/2017/11/windows10.0-kb4055237-x64_38258288cae1f63ed0a238752b8270960f4dc48c.cab","56 37 130 136 202 225 246 62 208 162 56 117 43 130 112 150 15 77 196 140","173 247 195 215 167 22 234 161 190 142 175 100 69 189 171 130 132 46 17 157 213 247 122 39 238 255 72 109 227 6 164 62","","","e94f6dba-028f-4359-8453-148ba222b627","Windows 10 Dynamic Update","e94f6dba-028f-4359-8453-148ba222b627"
"Windows 10 Dynamic Update","22.3.8.1","","Windows 10","1709","x86","ComponentDU SafeOS","11/30/2017 6:00:05 PM","4055237","4055237","2017-11 Dynamic Update for Windows 10 Version 1709 for x86-based Systems (KB4055237)","001b4299-a282-4af1-b029-628c22034647","KB4055237-Windows10Rs3Client-RTM-SafeOSDU-X86-TSL-World","None","Windows10.0-KB4055237-x86.cab","276100","Microsoft","Windows","Windows Safe OS Dynamic Update Windows 10 Dynamic Update","Critical Updates","Unspecified","","Software","Published","False","False","Ready","True","False","False","False","False","False","False","False","False","False","MicrosoftUpdate","http://support.microsoft.com/help/4055237","ComponentUpdate:","","http://download.windowsupdate.com/c/msdownload/update/software/crup/2017/11/windows10.0-kb4055237-x86_824425013ac510a6aebd39459c52c927d14c2e0c.cab","http://download.windowsupdate.com/c/msdownload/update/software/crup/2017/11/windows10.0-kb4055237-x86_824425013ac510a6aebd39459c52c927d14c2e0c.cab","130 68 37 1 58 197 16 166 174 189 57 69 156 82 201 39 209 76 46 12","33 255 218 159 197 121 200 55 237 27 250 221 60 146 148 228 57 35 135 16 35 85 201 207 184 193 165 6 196 112 239 60","","","1990ff7b-5ec7-481e-90ed-8ba96b08a827","Windows 10 Dynamic Update","1990ff7b-5ec7-481e-90ed-8ba96b08a827"
"Windows 10 Dynamic Update","22.3.8.1","","Windows 10","1709","x64","ComponentDU SafeOS","12/12/2017 6:00:05 PM","4055994","4055994","2017-12 Dynamic Update for Windows 10 Version 1709 for x64-based Systems (KB4055994)","0a5a30a7-7b13-43d7-968a-ea90e1cea2de","KB4055994-Windows10Rs3Client-RTM-SafeOSDU-X64-TSL-World","None","Windows10.0-KB4055994-x64.cab","2156810","Microsoft","Windows","Windows Safe OS Dynamic Update Windows 10 Dynamic Update","Critical Updates","Unspecified","","Software","Published","False","False","Ready","True","False","False","False","False","False","False","False","False","False","MicrosoftUpdate","http://support.microsoft.com/help/4055994","ComponentUpdate:","","http://download.windowsupdate.com/c/msdownload/update/software/crup/2017/12/windows10.0-kb4055994-x64_6b4567ad4f0c9cb98bef54a6d06d4561e17292df.cab","http://download.windowsupdate.com/c/msdownload/update/software/crup/2017/12/windows10.0-kb4055994-x64_6b4567ad4f0c9cb98bef54a6d06d4561e17292df.cab","107 69 103 173 79 12 156 185 139 239 84 166 208 109 69 97 225 114 146 223","22 21 188 114 109 69 178 179 197 173 79 7 93 171 232 94 67 67 215 148 110 34 185 92 234 151 96 196 228 104 60 228","","","8fc2d5ad-e896-4033-98cd-5acedd2f84ba","Windows 10 Dynamic Update","8fc2d5ad-e896-4033-98cd-5acedd2f84ba"
"Windows 10 Dynamic Update","22.3.8.1","","Windows 10","1709","x86","ComponentDU SafeOS","12/12/2017 6:00:05 PM","4055994","4055994","2017-12 Dynamic Update for Windows 10 Version 1709 for x86-based Systems (KB4055994)","5855e908-3faa-45a5-8718-f1c1295fca0c","KB4055994-Windows10Rs3Client-RTM-SafeOSDU-X86-TSL-World","None","Windows10.0-KB4055994-x86.cab","1908318","Microsoft","Windows","Windows Safe OS Dynamic Update Windows 10 Dynamic Update","Critical Updates","Unspecified","","Software","Published","False","False","Ready","True","False","False","False","False","False","False","False","False","False","MicrosoftUpdate","http://support.microsoft.com/help/4055994","ComponentUpdate:","","http://download.windowsupdate.com/c/msdownload/update/software/crup/2017/12/windows10.0-kb4055994-x86_9cee0fecfae7635eb962fa7bcd3fba4d7c6e9e6c.cab","http://download.windowsupdate.com/c/msdownload/update/software/crup/2017/12/windows10.0-kb4055994-x86_9cee0fecfae7635eb962fa7bcd3fba4d7c6e9e6c.cab","156 238 15 236 250 231 99 94 185 98 250 123 205 63 186 77 124 110 158 108","166 136 58 1 247 225 194 11 20 237 146 22 68 15 114 94 217 149 97 200 254 27 185 25 184 2 224 250 158 224 61 88","","","0baa0719-3563-4415-9869-f91539064a2d","Windows 10 Dynamic Update","0baa0719-3563-4415-9869-f91539064a2d"
"Windows 10 Dynamic Update","22.3.8.1","","Windows 10","1709","x64","ComponentDU Critical","2/13/2018 6:00:05 PM","4078408","4078408","2018-02 Dynamic Update for Windows 10 Version 1709 for x64-based Systems (KB4078408)","413bba52-524a-4ff7-bbae-9d31d1f1d9e6","KB4078408-Windows10Rs3Client-RTM-CriticalDU-X64-TSL-World","None","Windows10.0-KB4078408-x64.cab","15111890","Microsoft","Windows","Windows 10 Dynamic Update","Critical Updates","Unspecified","","Software","Published","False","False","Ready","True","False","False","False","False","False","True","False","False","False","MicrosoftUpdate","http://support.microsoft.com/help/4078408","ComponentUpdate:","","http://download.windowsupdate.com/c/msdownload/update/software/crup/2018/02/windows10.0-kb4078408-x64_bea4bb343fe962ffb5ef036e01f5c07156347215.cab","http://download.windowsupdate.com/c/msdownload/update/software/crup/2018/02/windows10.0-kb4078408-x64_bea4bb343fe962ffb5ef036e01f5c07156347215.cab","190 164 187 52 63 233 98 255 181 239 3 110 1 245 192 113 86 52 114 21","47 162 215 21 77 247 63 149 41 188 135 244 55 22 94 253 179 16 36 45 76 237 172 149 94 112 126 118 143 141 109 216","","","698b577f-85bc-4302-a349-ce1282cff2f9","Windows 10 Dynamic Update","698b577f-85bc-4302-a349-ce1282cff2f9"
"Windows 10 Dynamic Update","22.3.8.1","","Windows 10","1709","x86","ComponentDU Critical","2/13/2018 6:00:05 PM","4078408","4078408","2018-02 Dynamic Update for Windows 10 Version 1709 for x86-based Systems (KB4078408)","40b3e986-9056-40c7-9025-54535a0a1e39","KB4078408-Windows10Rs3Client-RTM-CriticalDU-X86-TSL-World","None","Windows10.0-KB4078408-x86.cab","6733913","Microsoft","Windows","Windows 10 Dynamic Update","Critical Updates","Unspecified","","Software","Published","False","False","Ready","True","False","False","False","False","False","True","False","False","False","MicrosoftUpdate","http://support.microsoft.com/help/4078408","ComponentUpdate:","","http://download.windowsupdate.com/c/msdownload/update/software/crup/2018/02/windows10.0-kb4078408-x86_9da56a735a2a7419cd7738d9fe959c68b98b961a.cab","http://download.windowsupdate.com/c/msdownload/update/software/crup/2018/02/windows10.0-kb4078408-x86_9da56a735a2a7419cd7738d9fe959c68b98b961a.cab","157 165 106 115 90 42 116 25 205 119 56 217 254 149 156 104 185 139 150 26","192 58 170 201 96 39 220 30 149 196 22 102 23 102 72 131 187 54 236 15 162 61 108 91 168 247 223 4 240 149 175 91","","","e5549cb4-649d-42d1-a34b-5455fb202b64","Windows 10 Dynamic Update","e5549cb4-649d-42d1-a34b-5455fb202b64"
"Windows 10 Dynamic Update","22.3.8.1","","Windows 10","1709","x64","ComponentDU Critical","3/22/2018 5:00:05 PM","4094276","4094276","2018-03 Dynamic Update for Windows 10 Version 1709 for x64-based Systems (KB4094276)","566c3409-f0d5-41cf-8732-17369ca2b025","KB4094276-Windows10Rs3Client-RTM-CriticalDU-X64-TSL-World","None","Windows10.0-KB4094276-x64.cab","2210434","Microsoft","Windows","Windows 10 Dynamic Update","Critical Updates","Unspecified","","Software","Published","False","False","Ready","True","False","False","False","False","False","False","False","False","False","MicrosoftUpdate","http://support.microsoft.com/help/4094276","ComponentUpdate:","","http://download.windowsupdate.com/c/msdownload/update/software/crup/2018/03/windows10.0-kb4094276-x64_db7ab37d8a2baf82964a074bc2d5676bc6fc8d2f.cab","http://download.windowsupdate.com/c/msdownload/update/software/crup/2018/03/windows10.0-kb4094276-x64_db7ab37d8a2baf82964a074bc2d5676bc6fc8d2f.cab","219 122 179 125 138 43 175 130 150 74 7 75 194 213 103 107 198 252 141 47","111 77 125 152 250 49 157 108 121 185 158 173 122 157 221 93 249 43 22 144 8 43 27 98 5 220 159 185 119 162 141 217","","","6e937f50-d639-48bb-b015-1664974c3f80","Windows 10 Dynamic Update","6e937f50-d639-48bb-b015-1664974c3f80"
"Windows 10 Dynamic Update","22.3.8.1","","Windows 10","1709","x86","ComponentDU Critical","3/22/2018 5:00:05 PM","4094276","4094276","2018-03 Dynamic Update for Windows 10 Version 1709 for x86-based Systems (KB4094276)","7dfd10e3-7599-47e3-8a8b-7f9471e0c4dc","KB4094276-Windows10Rs3Client-RTM-CriticalDU-X86-TSL-World","None","Windows10.0-KB4094276-x86.cab","1514256","Microsoft","Windows","Windows 10 Dynamic Update","Critical Updates","Unspecified","","Software","Published","False","False","Ready","True","False","False","False","False","False","False","False","False","False","MicrosoftUpdate","http://support.microsoft.com/help/4094276","ComponentUpdate:","","http://download.windowsupdate.com/c/msdownload/update/software/crup/2018/03/windows10.0-kb4094276-x86_a73a857c0d062fb8ec6419db9445dfa6e64b01d4.cab","http://download.windowsupdate.com/c/msdownload/update/software/crup/2018/03/windows10.0-kb4094276-x86_a73a857c0d062fb8ec6419db9445dfa6e64b01d4.cab","167 58 133 124 13 6 47 184 236 100 25 219 148 69 223 166 230 75 1 212","3 244 181 195 155 162 236 106 251 222 250 171 203 191 68 13 207 114 174 23 150 5 105 190 111 170 235 78 125 70 80 58","","","6e064567-06a8-476e-ba88-2c820bfb47b1","Windows 10 Dynamic Update","6e064567-06a8-476e-ba88-2c820bfb47b1"
"Windows 10 Dynamic Update","22.3.8.1","","Windows 10","1709","x64","ComponentDU Critical","6/12/2018 5:00:05 PM","4293700","4293700","2018-06 Dynamic Update for Windows 10 Version 1709 for x64-based Systems (KB4293700)","c756c00a-9afa-49e6-9f26-cb3dac4c980a","KB4293700-Windows10Rs3Client-RTM-CriticalDU-X64-TSL-World","None","Windows10.0-KB4293700-x64.cab","156444","Microsoft","Windows","Windows 10 Dynamic Update","Critical Updates","Unspecified","","Software","Published","False","False","Ready","True","False","False","False","False","False","False","False","False","False","MicrosoftUpdate","http://support.microsoft.com/help/4293700","ComponentUpdate:","","http://download.windowsupdate.com/c/msdownload/update/software/crup/2018/05/windows10.0-kb4293700-x64_6282fdd0bc7ad848738c71e5ab9ad2cf206989c1.cab","http://download.windowsupdate.com/c/msdownload/update/software/crup/2018/05/windows10.0-kb4293700-x64_6282fdd0bc7ad848738c71e5ab9ad2cf206989c1.cab","98 130 253 208 188 122 216 72 115 140 113 229 171 154 210 207 32 105 137 193","67 75 92 141 58 34 58 77 55 157 182 146 1 119 9 157 184 30 33 83 160 70 26 169 224 100 54 107 30 205 197 200","","","ff6c2d30-6b5d-4f8d-8365-29d15e9ea3dc","Windows 10 Dynamic Update","ff6c2d30-6b5d-4f8d-8365-29d15e9ea3dc"
"Windows 10 Dynamic Update","22.3.8.1","","Windows 10","1709","x86","ComponentDU Critical","6/12/2018 5:00:05 PM","4293700","4293700","2018-06 Dynamic Update for Windows 10 Version 1709 for x86-based Systems (KB4293700)","65687057-9e2e-4a2c-bbb4-45c77a6430a3","KB4293700-Windows10Rs3Client-RTM-CriticalDU-X86-TSL-World","None","Windows10.0-KB4293700-x86.cab","131952","Microsoft","Windows","Windows 10 Dynamic Update","Critical Updates","Unspecified","","Software","Published","False","False","Ready","True","False","False","False","False","False","False","False","False","False","MicrosoftUpdate","http://support.microsoft.com/help/4293700","ComponentUpdate:","","http://download.windowsupdate.com/c/msdownload/update/software/crup/2018/05/windows10.0-kb4293700-x86_a01288d6fe051cfd2429b205fd9c8d17ddc62172.cab","http://download.windowsupdate.com/c/msdownload/update/software/crup/2018/05/windows10.0-kb4293700-x86_a01288d6fe051cfd2429b205fd9c8d17ddc62172.cab","160 18 136 214 254 5 28 253 36 41 178 5 253 156 141 23 221 198 33 114","218 121 157 28 58 24 185 8 23 146 180 198 228 193 16 38 114 68 124 242 115 112 198 63 55 161 130 112 118 53 140 142","","","ce1aef44-7b4f-4890-96ec-b1d478f3f2bf","Windows 10 Dynamic Update","ce1aef44-7b4f-4890-96ec-b1d478f3f2bf"
"Windows 10 Dynamic Update","22.3.8.1","","Windows 10","1803","x64","ComponentDU SafeOS","4/23/2019 5:00:00 PM","4230204","4230204","2018-06 Dynamic Update for Windows 10 Version 1803 for x64-based Systems (KB4230204)","f8882b23-81a8-4144-8548-0aaf79c0d67d","KB4230204-Windows10Rs4Client-RTM-SafeOSDU-X64-TSL-World","None","Windows10.0-KB4230204-x64.cab","1626089","Microsoft","Windows","Windows Safe OS Dynamic Update Windows 10 Dynamic Update","Critical Updates","Unspecified","","Software","Published","False","False","Ready","True","False","False","False","False","False","False","False","False","False","MicrosoftUpdate","http://support.microsoft.com/help/4230204","ComponentUpdate:","","http://download.windowsupdate.com/d/msdownload/update/software/crup/2018/06/windows10.0-kb4230204-x64_8e34c1dcf54ac81e3b0ce45616eae2af15b4847b.cab","http://download.windowsupdate.com/d/msdownload/update/software/crup/2018/06/windows10.0-kb4230204-x64_8e34c1dcf54ac81e3b0ce45616eae2af15b4847b.cab","142 52 193 220 245 74 200 30 59 12 228 86 22 234 226 175 21 180 132 123","222 82 180 69 222 16 254 247 196 132 139 156 97 118 83 51 160 253 122 0 83 145 3 225 198 249 55 242 131 96 131 241","","","1cf4a9ff-30cd-4d5d-bd2c-d3d7fce8018a","Windows 10 Dynamic Update","1cf4a9ff-30cd-4d5d-bd2c-d3d7fce8018a"
"Windows 10 Dynamic Update","22.3.8.1","","Windows 10","1803","x86","ComponentDU SafeOS","4/23/2019 5:00:00 PM","4230204","4230204","2018-06 Dynamic Update for Windows 10 Version 1803 for x86-based Systems (KB4230204)","bb502fae-23cf-4a60-bcd4-b2c4273be3bf","KB4230204-Windows10Rs4Client-RTM-SafeOSDU-X86-TSL-World","None","Windows10.0-KB4230204-x86.cab","1380729","Microsoft","Windows","Windows Safe OS Dynamic Update Windows 10 Dynamic Update","Critical Updates","Unspecified","","Software","Published","False","False","Ready","True","False","False","False","False","False","False","False","False","False","MicrosoftUpdate","http://support.microsoft.com/help/4230204","ComponentUpdate:","","http://download.windowsupdate.com/d/msdownload/update/software/crup/2018/06/windows10.0-kb4230204-x86_216741fe17e23580f02bab5dbe8d76c7f63921c2.cab","http://download.windowsupdate.com/d/msdownload/update/software/crup/2018/06/windows10.0-kb4230204-x86_216741fe17e23580f02bab5dbe8d76c7f63921c2.cab","33 103 65 254 23 226 53 128 240 43 171 93 190 141 118 199 246 57 33 194","49 20 165 43 116 98 243 20 181 40 182 94 167 117 123 2 167 105 108 87 78 118 171 130 31 191 79 115 99 221 37 159","","","0969667a-21c2-499a-b798-41f462c6f905","Windows 10 Dynamic Update","0969667a-21c2-499a-b798-41f462c6f905"
"Windows 10 Dynamic Update","22.3.8.1","","Windows 10","1803","x64","ComponentDU Critical","4/23/2019 5:00:00 PM","4463318","4463318","2018-10 Dynamic Update for Windows 10 Version 1803 for x64-based Systems (KB4463318)","bc94974d-b8e3-42fc-9a2a-dc2d37595acb","KB4463318-Windows10Rs4Client-RTM-CriticalDU-X64-TSL-World","None","Windows10.0-KB4463318-x64.cab","152331","Microsoft","Windows","Windows 10 Dynamic Update","Critical Updates","Unspecified","","Software","Published","False","False","Ready","True","False","False","False","False","False","False","False","False","False","MicrosoftUpdate","http://support.microsoft.com/help/4463318","ComponentUpdate:","","http://download.windowsupdate.com/c/msdownload/update/software/crup/2018/09/windows10.0-kb4463318-x64_e7265d3e381515113b04d23bda73180ccab1d47c.cab","http://download.windowsupdate.com/c/msdownload/update/software/crup/2018/09/windows10.0-kb4463318-x64_e7265d3e381515113b04d23bda73180ccab1d47c.cab","231 38 93 62 56 21 21 17 59 4 210 59 218 115 24 12 202 177 212 124","205 12 92 168 123 229 176 112 79 58 135 210 73 0 127 69 168 218 113 244 16 245 68 250 96 205 216 81 85 210 62 249","","","94fb4a77-2fea-45cd-8ce0-0d0f955677a4","Windows 10 Dynamic Update","94fb4a77-2fea-45cd-8ce0-0d0f955677a4"
"Windows 10 Dynamic Update","22.3.8.1","","Windows 10","1803","x86","ComponentDU Critical","4/23/2019 5:00:00 PM","4463318","4463318","2018-10 Dynamic Update for Windows 10 Version 1803 for x86-based Systems (KB4463318)","6250a1f4-4136-40c6-b8f2-7280432c0818","KB4463318-Windows10Rs4Client-RTM-CriticalDU-X86-TSL-World","None","Windows10.0-KB4463318-x86.cab","133025","Microsoft","Windows","Windows 10 Dynamic Update","Critical Updates","Unspecified","","Software","Published","False","False","Ready","True","False","False","False","False","False","False","False","False","False","MicrosoftUpdate","http://support.microsoft.com/help/4463318","ComponentUpdate:","","http://download.windowsupdate.com/c/msdownload/update/software/crup/2018/09/windows10.0-kb4463318-x86_3a8588651fc3013315bf7f5343aab475a0a277a5.cab","http://download.windowsupdate.com/c/msdownload/update/software/crup/2018/09/windows10.0-kb4463318-x86_3a8588651fc3013315bf7f5343aab475a0a277a5.cab","58 133 136 101 31 195 1 51 21 191 127 83 67 170 180 117 160 162 119 165","235 113 148 123 133 209 155 5 1 28 174 44 201 171 56 47 69 7 180 19 49 235 23 5 59 178 8 229 100 219 123 209","","","c9d6dd8a-7abb-490f-be74-ad0bba65b29a","Windows 10 Dynamic Update","c9d6dd8a-7abb-490f-be74-ad0bba65b29a"
"Windows 10 Dynamic Update","22.3.8.1","","Windows 10","1809","x64","ComponentDU SafeOS","8/22/2019 5:00:06 PM","4506578","4506578","2019-08 Dynamic Update for Windows 10 Version 1809 for x64-based Systems (KB4506578)","e735d936-6f11-4d49-87cc-cec2165210b6","KB4506578-Windows10Rs5Client-RTM-SafeOSDU-X64-TSL-World","None","Windows10.0-KB4506578-x64.cab","436821","Microsoft","Windows","Windows Safe OS Dynamic Update Windows 10 Dynamic Update","Critical Updates","Unspecified","","Software","Published","False","False","Ready","True","False","False","False","False","False","False","False","False","False","MicrosoftUpdate","https://support.microsoft.com/help/4506578","ComponentUpdate:","","http://dl.delivery.mp.microsoft.com/filestreamingservice/files/45d4fd49-14bd-42c3-94d5-8e07d759c0b5/public/windows10.0-kb4506578-x64_c8bad38b2c405ca3fa0c522df2ca6ef26bfd6d1e.cab","http://dl.delivery.mp.microsoft.com/filestreamingservice/files/45d4fd49-14bd-42c3-94d5-8e07d759c0b5/public/windows10.0-kb4506578-x64_c8bad38b2c405ca3fa0c522df2ca6ef26bfd6d1e.cab","200 186 211 139 44 64 92 163 250 12 82 45 242 202 110 242 107 253 109 30","233 246 141 199 28 235 10 51 62 188 180 105 119 103 45 194 54 116 140 53 232 18 110 164 48 72 34 63 85 68 40 150","","","a06ad6ef-9b3e-431b-a029-5c88acb43d8f","Windows 10 Dynamic Update","a06ad6ef-9b3e-431b-a029-5c88acb43d8f"
"Windows 10 Dynamic Update","22.3.8.1","","Windows 10","1809","x86","ComponentDU SafeOS","8/22/2019 5:00:06 PM","4506578","4506578","2019-08 Dynamic Update for Windows 10 Version 1809 for x86-based Systems (KB4506578)","40be6aca-372d-49ea-93de-17d2fc2737b5","KB4506578-Windows10Rs5Client-RTM-SafeOSDU-X86-TSL-World","None","Windows10.0-KB4506578-x86.cab","303839","Microsoft","Windows","Windows Safe OS Dynamic Update Windows 10 Dynamic Update","Critical Updates","Unspecified","","Software","Published","False","False","Ready","True","False","False","False","False","False","False","False","False","False","MicrosoftUpdate","https://support.microsoft.com/help/4506578","ComponentUpdate:","","http://dl.delivery.mp.microsoft.com/filestreamingservice/files/eb469ab8-a485-48c0-a0e9-9626a810c15e/public/windows10.0-kb4506578-x86_0812375148df48be3fda6a36cfa2899c57c1f9e0.cab","http://dl.delivery.mp.microsoft.com/filestreamingservice/files/eb469ab8-a485-48c0-a0e9-9626a810c15e/public/windows10.0-kb4506578-x86_0812375148df48be3fda6a36cfa2899c57c1f9e0.cab","8 18 55 81 72 223 72 190 63 218 106 54 207 162 137 156 87 193 249 224","170 5 200 77 221 179 23 24 157 160 26 32 123 146 64 41 150 155 146 195 159 191 84 48 122 132 56 96 179 153 190 34","","","c4af7923-061c-4df6-86dd-eef31a26dede","Windows 10 Dynamic Update","c4af7923-061c-4df6-86dd-eef31a26dede"
"Windows 10 Dynamic Update","22.3.8.1","","Windows 10","1703","x64","SetupDU","10/8/2019 5:00:06 PM","4519336","4519336","2019-10 Dynamic Update for Windows 10 Version 1703 for x64-based Systems (KB4519336)","7c122a5f-5422-4f6c-bb52-ff662eadfd5e","KB4519336-Windows10Rs2Client-RTM-SetupDU-X64-TSL-World","None","Windows10.0-KB4519336-x64.cab","9438722","Microsoft","Windows","Windows 10 Dynamic Update","Critical Updates","Unspecified","","Software","Published","False","False","Ready","True","False","False","False","False","False","True","False","False","False","MicrosoftUpdate","https://support.microsoft.com/help/4519336","SetupUpdate:","","http://download.windowsupdate.com/d/msdownload/update/software/crup/2019/09/windows10.0-kb4519336-x64_503228f21aff1dcdb540ef50b0b732ec12b818da.cab","http://download.windowsupdate.com/d/msdownload/update/software/crup/2019/09/windows10.0-kb4519336-x64_503228f21aff1dcdb540ef50b0b732ec12b818da.cab","80 50 40 242 26 255 29 205 181 64 239 80 176 183 50 236 18 184 24 218","13 176 28 45 5 251 220 72 231 147 219 194 231 243 110 227 35 95 24 242 29 161 116 201 174 186 94 57 171 67 158 245","","","76d1a185-e7c7-41fe-94ae-c97bf22b4a53","Windows 10 Dynamic Update","76d1a185-e7c7-41fe-94ae-c97bf22b4a53"
"Windows 10 Dynamic Update","22.3.8.1","","Windows 10","1703","x86","SetupDU","10/8/2019 5:00:06 PM","4519336","4519336","2019-10 Dynamic Update for Windows 10 Version 1703 for x86-based Systems (KB4519336)","58c440be-9063-443d-b997-6112bb2dcd69","KB4519336-Windows10Rs2Client-RTM-SetupDU-X86-TSL-World","None","Windows10.0-KB4519336-x86.cab","8442534","Microsoft","Windows","Windows 10 Dynamic Update","Critical Updates","Unspecified","","Software","Published","False","False","Ready","True","False","False","False","False","False","True","False","False","False","MicrosoftUpdate","https://support.microsoft.com/help/4519336","SetupUpdate:","","http://download.windowsupdate.com/d/msdownload/update/software/crup/2019/09/windows10.0-kb4519336-x86_23edc80141a3e79dce60daad5ab5fc05efbee2d1.cab","http://download.windowsupdate.com/d/msdownload/update/software/crup/2019/09/windows10.0-kb4519336-x86_23edc80141a3e79dce60daad5ab5fc05efbee2d1.cab","35 237 200 1 65 163 231 157 206 96 218 173 90 181 252 5 239 190 226 209","150 207 70 213 104 181 142 103 91 125 151 34 168 42 100 69 19 237 248 88 22 69 201 216 152 75 61 239 211 72 79 102","","","51a6017f-f1d3-4095-8af8-93086e6e76ee","Windows 10 Dynamic Update","51a6017f-f1d3-4095-8af8-93086e6e76ee"
"Windows 10 Dynamic Update","22.3.8.1","","Windows 10","1709","x64","SetupDU","8/11/2020 5:00:06 PM","4573898","4573898","2020-08 Dynamic Update for Windows 10 Version 1709 for x64-based Systems (KB4573898)","00193754-8341-4421-bd08-41dd02f43beb","KB4573898-Windows10Rs3Client-RTM-SetupDU-X64-TSL-World","None","Windows10.0-KB4573898-x64.cab","10485756","Microsoft","Windows","Windows 10 Dynamic Update","Critical Updates","Unspecified","","Software","Published","False","False","Ready","True","False","False","False","False","False","True","False","False","False","MicrosoftUpdate","https://support.microsoft.com/help/4573898","SetupUpdate:","","http://download.windowsupdate.com/c/msdownload/update/software/crup/2020/07/windows10.0-kb4573898-x64_b627c67a98e8ea22ed302c8eda86853cbf571027.cab","http://download.windowsupdate.com/c/msdownload/update/software/crup/2020/07/windows10.0-kb4573898-x64_b627c67a98e8ea22ed302c8eda86853cbf571027.cab","182 39 198 122 152 232 234 34 237 48 44 142 218 134 133 60 191 87 16 39","89 225 142 155 54 140 109 93 72 219 12 144 117 31 29 3 45 207 32 196 113 134 139 58 145 148 225 202 156 25 18 86","","","39344587-6a8b-4c4a-b37d-746d04733d91","Windows 10 Dynamic Update","39344587-6a8b-4c4a-b37d-746d04733d91"
"Windows 10 Dynamic Update","22.3.8.1","","Windows 10","1709","x86","SetupDU","8/11/2020 5:00:06 PM","4573898","4573898","2020-08 Dynamic Update for Windows 10 Version 1709 for x86-based Systems (KB4573898)","b5235413-a6b5-42ba-a49d-9e42ab292c33","KB4573898-Windows10Rs3Client-RTM-SetupDU-X86-TSL-World","None","Windows10.0-KB4573898-x86.cab","9084688","Microsoft","Windows","Windows 10 Dynamic Update","Critical Updates","Unspecified","","Software","Published","False","False","Ready","True","False","False","False","False","False","True","False","False","False","MicrosoftUpdate","https://support.microsoft.com/help/4573898","SetupUpdate:","","http://download.windowsupdate.com/c/msdownload/update/software/crup/2020/07/windows10.0-kb4573898-x86_8a84c399d62a7841a4376dcde5e2f4bbd8af0d94.cab","http://download.windowsupdate.com/c/msdownload/update/software/crup/2020/07/windows10.0-kb4573898-x86_8a84c399d62a7841a4376dcde5e2f4bbd8af0d94.cab","138 132 195 153 214 42 120 65 164 55 109 205 229 226 244 187 216 175 13 148","116 0 212 189 150 22 74 134 157 111 61 30 224 12 159 234 92 147 111 22 247 237 224 227 73 19 90 190 187 37 208 95","","","1970020b-13ef-4df4-af46-224ed8986f69","Windows 10 Dynamic Update","1970020b-13ef-4df4-af46-224ed8986f69"
"Windows 10 Dynamic Update","22.3.8.1","","Windows 10","1903","x64","SetupDU","11/10/2020 6:00:06 PM","4586859","4586859","2020-11 Dynamic Update for Windows 10 Version 1903 for x64-based Systems (KB4586859)","12d7d5aa-4175-4710-b4e7-0d85cfcde040","KB4586859-Windows1019h1Client-RTM-SetupDU-X64-TSL-World","None","Windows10.0-KB4586859-x64.cab","13703573","Microsoft","Windows","Windows 10 Dynamic Update","Critical Updates","Unspecified","","Software","Published","False","False","Ready","True","False","False","False","False","False","True","False","False","False","MicrosoftUpdate","https://support.microsoft.com/help/4586859","SetupUpdate:","","http://download.windowsupdate.com/d/msdownload/update/software/crup/2020/11/windows10.0-kb4586859-x64_e8ca9930f7d53b3d2350235aa52b59acaf547c96.cab","http://download.windowsupdate.com/d/msdownload/update/software/crup/2020/11/windows10.0-kb4586859-x64_e8ca9930f7d53b3d2350235aa52b59acaf547c96.cab","232 202 153 48 247 213 59 61 35 80 35 90 165 43 89 172 175 84 124 150","150 153 249 42 9 175 135 39 215 205 224 13 133 15 197 122 255 113 55 23 141 113 141 109 102 165 130 122 92 65 236 194","","","29aabfd3-2c0b-407c-a153-5afb802a8bf0","Windows 10 Dynamic Update","29aabfd3-2c0b-407c-a153-5afb802a8bf0"
"Windows 10 Dynamic Update","22.3.8.1","","Windows 10","1903","x86","SetupDU","11/10/2020 6:00:06 PM","4586859","4586859","2020-11 Dynamic Update for Windows 10 Version 1903 for x86-based Systems (KB4586859)","77b765df-d176-4529-811c-e177867c3628","KB4586859-Windows1019h1Client-RTM-SetupDU-X86-TSL-World","None","Windows10.0-KB4586859-x86.cab","11831461","Microsoft","Windows","Windows 10 Dynamic Update","Critical Updates","Unspecified","","Software","Published","False","False","Ready","True","False","False","False","False","False","True","False","False","False","MicrosoftUpdate","https://support.microsoft.com/help/4586859","SetupUpdate:","","http://download.windowsupdate.com/d/msdownload/update/software/crup/2020/11/windows10.0-kb4586859-x86_1d3b879d79b9733c6c6b9423ae2a1235b977f112.cab","http://download.windowsupdate.com/d/msdownload/update/software/crup/2020/11/windows10.0-kb4586859-x86_1d3b879d79b9733c6c6b9423ae2a1235b977f112.cab","29 59 135 157 121 185 115 60 108 107 148 35 174 42 18 53 185 119 241 18","107 209 50 48 79 186 159 204 155 1 169 217 184 213 19 25 89 219 180 17 22 176 5 190 169 254 52 227 235 85 252 125","","","646ab35e-42ab-496d-a24e-2401388f7d62","Windows 10 Dynamic Update","646ab35e-42ab-496d-a24e-2401388f7d62"
"Windows 10 Dynamic Update","22.3.8.1","","Windows 10","1803","x64","SetupDU","5/11/2021 5:00:06 PM","5003238","5003238","2021-05 Dynamic Update for Windows 10 Version 1803 for x64-based Systems (KB5003238)","6e1e0d95-5acd-4cb0-a74c-3e5eb9b43a5a","KB5003238-Windows10Rs4Client-RTM-SetupDU-X64-TSL-World","None","Windows10.0-KB5003238-x64.cab","12624933","Microsoft","Windows","Windows 10 Dynamic Update","Critical Updates","Unspecified","","Software","Published","False","False","Ready","True","False","False","False","False","False","True","False","False","False","MicrosoftUpdate","https://support.microsoft.com/help/5003238","SetupUpdate:","","http://download.windowsupdate.com/c/msdownload/update/software/crup/2021/04/windows10.0-kb5003238-x64_a2cbd05a5b98d1b976fe385d5690e0836542b4d0.cab","http://download.windowsupdate.com/c/msdownload/update/software/crup/2021/04/windows10.0-kb5003238-x64_a2cbd05a5b98d1b976fe385d5690e0836542b4d0.cab","162 203 208 90 91 152 209 185 118 254 56 93 86 144 224 131 101 66 180 208","245 254 8 235 159 109 205 250 134 57 209 225 19 69 206 66 152 152 254 142 17 165 51 34 183 185 90 235 189 9 16 218","","","50a9a78b-4c4b-41d1-a593-24b090535ecd","Windows 10 Dynamic Update","50a9a78b-4c4b-41d1-a593-24b090535ecd"
"Windows 10 Dynamic Update","22.3.8.1","","Windows 10","1803","x86","SetupDU","5/11/2021 5:00:06 PM","5003238","5003238","2021-05 Dynamic Update for Windows 10 Version 1803 for x86-based Systems (KB5003238)","d6da139f-1478-4e5c-aa8e-906ea785fcd2","KB5003238-Windows10Rs4Client-RTM-SetupDU-X86-TSL-World","None","Windows10.0-KB5003238-x86.cab","10690223","Microsoft","Windows","Windows 10 Dynamic Update","Critical Updates","Unspecified","","Software","Published","False","False","Ready","True","False","False","False","False","False","True","False","False","False","MicrosoftUpdate","https://support.microsoft.com/help/5003238","SetupUpdate:","","http://download.windowsupdate.com/c/msdownload/update/software/crup/2021/04/windows10.0-kb5003238-x86_ef1bb579b8687dfdd59e32a80f32790a6202f7e9.cab","http://download.windowsupdate.com/c/msdownload/update/software/crup/2021/04/windows10.0-kb5003238-x86_ef1bb579b8687dfdd59e32a80f32790a6202f7e9.cab","239 27 181 121 184 104 125 253 213 158 50 168 15 50 121 10 98 2 247 233","83 111 115 108 99 253 199 215 32 24 68 70 180 39 187 30 94 239 189 206 93 155 108 26 174 200 78 145 51 42 251 239","","","b4d51000-7876-442b-83d5-e527b3c6222c","Windows 10 Dynamic Update","b4d51000-7876-442b-83d5-e527b3c6222c"
"Windows 10 Dynamic Update","22.3.8.1","","Windows 10","1909","x64","ComponentDU SafeOS","5/11/2021 5:00:06 PM","5003295","5003295","2021-05 Dynamic Update for Windows 10 Version 1909 for x64-based Systems (KB5003295)","94990f4f-ccd2-472c-8372-6da235dff647","KB5003295-Windows1019h2Client-RTM-SafeOSDU-X64-TSL-World","None","Windows10.0-KB5003295-x64.cab","4188122","Microsoft","Windows","Windows Safe OS Dynamic Update Windows 10 Dynamic Update","Critical Updates","Unspecified","","Software","Published","False","False","Ready","True","False","False","False","False","False","False","False","False","False","MicrosoftUpdate","https://support.microsoft.com/help/5003295","ComponentUpdate:","","http://download.windowsupdate.com/c/msdownload/update/software/crup/2021/05/windows10.0-kb5003295-x64_fa818c714c569d61f2b33a3dd5a5fdf58ac4c22e.cab","http://download.windowsupdate.com/c/msdownload/update/software/crup/2021/05/windows10.0-kb5003295-x64_fa818c714c569d61f2b33a3dd5a5fdf58ac4c22e.cab","250 129 140 113 76 86 157 97 242 179 58 61 213 165 253 245 138 196 194 46","126 131 234 215 52 117 24 179 194 97 50 14 178 237 41 108 15 122 244 127 95 64 16 34 100 115 47 232 203 186 103 179","","","a0711774-bdbe-42e7-8e4a-618e957b05ae","Windows 10 Dynamic Update","a0711774-bdbe-42e7-8e4a-618e957b05ae"
"Windows 10 Dynamic Update","22.3.8.1","","Windows 10","1909","x86","ComponentDU SafeOS","5/11/2021 5:00:06 PM","5003295","5003295","2021-05 Dynamic Update for Windows 10 Version 1909 for x86-based Systems (KB5003295)","66bc62fc-e3b9-471c-bb83-38c3618a12d9","KB5003295-Windows1019h2Client-RTM-SafeOSDU-X86-TSL-World","None","Windows10.0-KB5003295-x86.cab","1815282","Microsoft","Windows","Windows Safe OS Dynamic Update Windows 10 Dynamic Update","Critical Updates","Unspecified","","Software","Published","False","False","Ready","True","False","False","False","False","False","False","False","False","False","MicrosoftUpdate","https://support.microsoft.com/help/5003295","ComponentUpdate:","","http://download.windowsupdate.com/c/msdownload/update/software/crup/2021/05/windows10.0-kb5003295-x86_ef88dceffb9f6724fde524797fc9c94890505f4c.cab","http://download.windowsupdate.com/c/msdownload/update/software/crup/2021/05/windows10.0-kb5003295-x86_ef88dceffb9f6724fde524797fc9c94890505f4c.cab","239 136 220 239 251 159 103 36 253 229 36 121 127 201 201 72 144 80 95 76","254 222 173 179 216 215 32 145 189 82 77 11 9 116 160 80 41 209 70 245 82 29 159 148 160 83 87 81 161 14 41 76","","","cf3a2f57-c81b-43a4-b745-d8da9e99b213","Windows 10 Dynamic Update","cf3a2f57-c81b-43a4-b745-d8da9e99b213"
"Windows 10 Dynamic Update","22.3.8.1","","Windows 10","1809","x64","SetupDU","8/10/2021 5:00:06 PM","5005545","5005545","2021-08 Dynamic Update for Windows 10 Version 1809 for x64-based Systems (KB5005545)","2329df9a-d7d8-496e-81ee-fc7a101d6844","KB5005545-Windows10Rs5Client-RTM-SetupDU-X64-TSL-World","None","Windows10.0-KB5005545-x64.cab","12394434","Microsoft","Windows","Windows 10 Dynamic Update","Critical Updates","Unspecified","","Software","Published","False","False","Ready","True","False","False","False","False","False","True","False","False","False","MicrosoftUpdate","https://support.microsoft.com/help/5005545","SetupUpdate:","","http://download.windowsupdate.com/d/msdownload/update/software/crup/2021/08/windows10.0-kb5005545-x64_b476c22b52917ad95a4f16c615c9d10c328b0347.cab","http://download.windowsupdate.com/d/msdownload/update/software/crup/2021/08/windows10.0-kb5005545-x64_b476c22b52917ad95a4f16c615c9d10c328b0347.cab","180 118 194 43 82 145 122 217 90 79 22 198 21 201 209 12 50 139 3 71","19 148 202 56 87 87 112 49 231 88 3 136 90 252 225 3 178 128 53 22 20 202 58 192 92 253 32 69 159 99 51 48","","","033cf383-7b0d-45db-b73c-d3a524b44a45","Windows 10 Dynamic Update","033cf383-7b0d-45db-b73c-d3a524b44a45"
"Windows 10 Dynamic Update","22.3.8.1","","Windows 10","1809","x86","SetupDU","8/10/2021 5:00:06 PM","5005545","5005545","2021-08 Dynamic Update for Windows 10 Version 1809 for x86-based Systems (KB5005545)","431bfd20-e059-4c9d-a3db-5d70f7b9e136","KB5005545-Windows10Rs5Client-RTM-SetupDU-X86-TSL-World","None","Windows10.0-KB5005545-x86.cab","10727882","Microsoft","Windows","Windows 10 Dynamic Update","Critical Updates","Unspecified","","Software","Published","False","False","Ready","True","False","False","False","False","False","True","False","False","False","MicrosoftUpdate","https://support.microsoft.com/help/5005545","SetupUpdate:","","http://download.windowsupdate.com/c/msdownload/update/software/crup/2021/08/windows10.0-kb5005545-x86_e38c17580fa129abcc460d127b54c4a52928e632.cab","http://download.windowsupdate.com/c/msdownload/update/software/crup/2021/08/windows10.0-kb5005545-x86_e38c17580fa129abcc460d127b54c4a52928e632.cab","227 140 23 88 15 161 41 171 204 70 13 18 123 84 196 165 41 40 230 50","84 164 50 160 187 169 68 150 82 253 239 168 72 88 194 69 181 14 95 217 66 149 186 235 65 46 156 177 81 223 88 193","","","0c84f9e2-c425-4abd-b28c-2ae9d752545d","Windows 10 Dynamic Update","0c84f9e2-c425-4abd-b28c-2ae9d752545d"
"Windows 10 Dynamic Update","22.3.8.1","","Windows 10","1909","x64","SetupDU","10/12/2021 5:00:06 PM","5006966","5006966","2021-10 Dynamic Update for Windows 10 Version 1909 for x64-based Systems (KB5006966)","0d9202a3-7565-4eb1-9b22-7918b3c9e3ae","KB5006966-Windows1019h2Client-RTM-SetupDU-X64-TSL-World","None","Windows10.0-KB5006966-x64.cab","15182992","Microsoft","Windows","Windows 10 Dynamic Update","Critical Updates","Unspecified","","Software","Published","False","False","Ready","True","False","False","False","False","False","True","False","False","False","MicrosoftUpdate","https://support.microsoft.com/help/5006966","SetupUpdate:","","http://download.windowsupdate.com/c/msdownload/update/software/crup/2021/10/windows10.0-kb5006966-x64_1d2d03c7d4ef2fdb44b80f93d80c25df880c7b45.cab","http://download.windowsupdate.com/c/msdownload/update/software/crup/2021/10/windows10.0-kb5006966-x64_1d2d03c7d4ef2fdb44b80f93d80c25df880c7b45.cab","29 45 3 199 212 239 47 219 68 184 15 147 216 12 37 223 136 12 123 69","136 209 21 146 183 205 180 167 160 101 181 91 176 85 166 157 141 41 33 158 169 246 157 79 69 147 245 11 70 157 241 2","","","4fbfc6f7-31f6-4164-be12-6f0d43e40b62","Windows 10 Dynamic Update","4fbfc6f7-31f6-4164-be12-6f0d43e40b62"
"Windows 10 Dynamic Update","22.3.8.1","","Windows 10","1909","x86","SetupDU","10/12/2021 5:00:06 PM","5006966","5006966","2021-10 Dynamic Update for Windows 10 Version 1909 for x86-based Systems (KB5006966)","0bd011a8-2b0b-484b-b274-4bbf174a89e9","KB5006966-Windows1019h2Client-RTM-SetupDU-X86-TSL-World","None","Windows10.0-KB5006966-x86.cab","13094920","Microsoft","Windows","Windows 10 Dynamic Update","Critical Updates","Unspecified","","Software","Published","False","False","Ready","True","False","False","False","False","False","True","False","False","False","MicrosoftUpdate","https://support.microsoft.com/help/5006966","SetupUpdate:","","http://download.windowsupdate.com/c/msdownload/update/software/crup/2021/10/windows10.0-kb5006966-x86_78b0845041fb7c5c2ea0fc5e3db54bd5d41c51e6.cab","http://download.windowsupdate.com/c/msdownload/update/software/crup/2021/10/windows10.0-kb5006966-x86_78b0845041fb7c5c2ea0fc5e3db54bd5d41c51e6.cab","120 176 132 80 65 251 124 92 46 160 252 94 61 181 75 213 212 28 81 230","181 88 108 184 142 101 78 144 66 31 244 117 71 73 114 187 86 188 202 42 139 76 3 123 62 115 194 51 99 16 254 140","","","0629763d-be48-4aa4-8cbf-e6c3d7556909","Windows 10 Dynamic Update","0629763d-be48-4aa4-8cbf-e6c3d7556909"
"Windows 10 Dynamic Update","22.3.8.1","","Windows 10","2004","x64","ComponentDU SafeOS","11/22/2021 10:00:06 PM","5007324","5007324","2021-11 Dynamic Update for Windows 10 Version 2004 for x64-based Systems (KB5007324)","22495f49-6330-4d05-aedd-a5c9180f6b9a","KB5007324-Windows1020h1Client-RTM-SafeOSDU-X64-TSL-World","None","Windows10.0-KB5007324-x64.cab","2276319","Microsoft","Windows","Windows Safe OS Dynamic Update Windows 10 Dynamic Update","Critical Updates","Unspecified","","Software","Published","False","False","Ready","True","False","False","False","False","False","True","False","False","False","MicrosoftUpdate","https://support.microsoft.com/help/5007324","ComponentUpdate:","","http://download.windowsupdate.com/c/msdownload/update/software/crup/2021/11/windows10.0-kb5007324-x64_efafca574909002a94decd3fed6452892ab1256d.cab","http://download.windowsupdate.com/c/msdownload/update/software/crup/2021/11/windows10.0-kb5007324-x64_efafca574909002a94decd3fed6452892ab1256d.cab","239 175 202 87 73 9 0 42 148 222 205 63 237 100 82 137 42 177 37 109","111 172 119 178 42 252 179 30 240 108 121 22 145 59 40 185 211 30 28 251 138 225 59 239 114 181 145 183 146 184 173 174","","","cb421727-6fa3-41fa-b310-3f772b396291","Windows 10 Dynamic Update","cb421727-6fa3-41fa-b310-3f772b396291"
"Windows 10 Dynamic Update","22.3.8.1","","Windows 10","2004","x86","ComponentDU SafeOS","11/22/2021 10:00:06 PM","5007324","5007324","2021-11 Dynamic Update for Windows 10 Version 2004 for x86-based Systems (KB5007324)","cd742083-344f-4cc6-a855-0b59d61478c3","KB5007324-Windows1020h1Client-RTM-SafeOSDU-X86-TSL-World","None","Windows10.0-KB5007324-x86.cab","842133","Microsoft","Windows","Windows Safe OS Dynamic Update Windows 10 Dynamic Update","Critical Updates","Unspecified","","Software","Published","False","False","Ready","True","False","False","False","False","False","True","False","False","False","MicrosoftUpdate","https://support.microsoft.com/help/5007324","ComponentUpdate:","","http://download.windowsupdate.com/c/msdownload/update/software/crup/2021/11/windows10.0-kb5007324-x86_4e23a3110048eae1952e1440f9aad0e193e21b11.cab","http://download.windowsupdate.com/c/msdownload/update/software/crup/2021/11/windows10.0-kb5007324-x86_4e23a3110048eae1952e1440f9aad0e193e21b11.cab","78 35 163 17 0 72 234 225 149 46 20 64 249 170 208 225 147 226 27 17","112 135 7 86 74 104 20 175 56 40 213 208 52 214 109 127 108 136 222 215 123 205 51 239 26 101 251 218 252 134 75 78","","","58936d17-8de2-4ae2-a15a-6cee0ae238e4","Windows 10 Dynamic Update","58936d17-8de2-4ae2-a15a-6cee0ae238e4"
"Windows 10 Dynamic Update","22.3.8.1","","Windows 10","2004","x64","ComponentDU Critical","11/22/2021 10:00:06 PM","5007401","5007401","2021-11 Dynamic Update for Windows 10 Version 2004 for x64-based Systems (KB5007401)","3779bf76-7db0-4e08-ab5c-9284411fb754","KB5007401-Windows1020h1Client-RTM-CriticalDU-X64-TSL-World","None","Windows10.0-KB5007401-x64.cab","277573","Microsoft","Windows","Windows 10 Dynamic Update","Critical Updates","Unspecified","","Software","Published","False","False","Ready","True","False","False","False","False","False","False","False","False","False","MicrosoftUpdate","https://support.microsoft.com/help/5007401","ComponentUpdate:","","http://download.windowsupdate.com/c/msdownload/update/software/crup/2021/11/windows10.0-kb5007401-x64_f1bf61d834bb8d9951c7efa23454643daae195b0.cab","http://download.windowsupdate.com/c/msdownload/update/software/crup/2021/11/windows10.0-kb5007401-x64_f1bf61d834bb8d9951c7efa23454643daae195b0.cab","241 191 97 216 52 187 141 153 81 199 239 162 52 84 100 61 170 225 149 176","220 210 234 116 187 118 31 245 248 31 63 193 79 122 73 158 149 91 174 249 250 121 92 202 88 116 28 57 245 185 69 205","","","45ee4c9c-4568-424d-9d30-658c4157d808","Windows 10 Dynamic Update","45ee4c9c-4568-424d-9d30-658c4157d808"
"Windows 10 Dynamic Update","22.3.8.1","","Windows 10","2004","x86","ComponentDU Critical","11/22/2021 10:00:06 PM","5007401","5007401","2021-11 Dynamic Update for Windows 10 Version 2004 for x86-based Systems (KB5007401)","8a1afd20-7d3b-4d43-a87b-8f7094413573","KB5007401-Windows1020h1Client-RTM-CriticalDU-X86-TSL-World","None","Windows10.0-KB5007401-x86.cab","134558","Microsoft","Windows","Windows 10 Dynamic Update","Critical Updates","Unspecified","","Software","Published","False","False","Ready","True","False","False","False","False","False","False","False","False","False","MicrosoftUpdate","https://support.microsoft.com/help/5007401","ComponentUpdate:","","http://download.windowsupdate.com/c/msdownload/update/software/crup/2021/11/windows10.0-kb5007401-x86_70e75294c8753f96b7d1b036c9caa9ab9ab5e1f2.cab","http://download.windowsupdate.com/c/msdownload/update/software/crup/2021/11/windows10.0-kb5007401-x86_70e75294c8753f96b7d1b036c9caa9ab9ab5e1f2.cab","112 231 82 148 200 117 63 150 183 209 176 54 201 202 169 171 154 181 225 242","249 164 151 186 186 193 135 66 163 76 139 100 228 122 170 227 71 27 45 123 14 169 82 199 201 131 233 21 83 49 148 32","","","73eeb8a7-a35d-4468-b134-cc3b59783fc8","Windows 10 Dynamic Update","73eeb8a7-a35d-4468-b134-cc3b59783fc8"
"Windows 10 Dynamic Update","22.3.8.1","","Windows 10","20H2","x64","ComponentDU Critical","11/22/2021 10:00:06 PM","5007401","5007401","2021-11 Dynamic Update for Windows 10 Version 20H2 for x64-based Systems (KB5007401)","0cda66af-85c8-4f49-b964-a4671d0fb578","KB5007401-Windows1020h2Client-RTM-CriticalDU-X64-TSL-World","None","Windows10.0-KB5007401-x64.cab","277573","Microsoft","Windows","Windows 10 Dynamic Update","Critical Updates","Unspecified","","Software","Published","False","False","Ready","True","False","False","False","False","False","False","False","False","False","MicrosoftUpdate","https://support.microsoft.com/help/5007401","ComponentUpdate:","","http://download.windowsupdate.com/c/msdownload/update/software/crup/2021/11/windows10.0-kb5007401-x64_f1bf61d834bb8d9951c7efa23454643daae195b0.cab","http://download.windowsupdate.com/c/msdownload/update/software/crup/2021/11/windows10.0-kb5007401-x64_f1bf61d834bb8d9951c7efa23454643daae195b0.cab","241 191 97 216 52 187 141 153 81 199 239 162 52 84 100 61 170 225 149 176","220 210 234 116 187 118 31 245 248 31 63 193 79 122 73 158 149 91 174 249 250 121 92 202 88 116 28 57 245 185 69 205","","","922f80e1-0dd6-44e7-9840-2931eaa92b22","Windows 10 Dynamic Update","922f80e1-0dd6-44e7-9840-2931eaa92b22"
"Windows 10 Dynamic Update","22.3.8.1","","Windows 10","20H2","x86","ComponentDU Critical","11/22/2021 10:00:06 PM","5007401","5007401","2021-11 Dynamic Update for Windows 10 Version 20H2 for x86-based Systems (KB5007401)","a6ee0a8f-2e61-4b26-976f-73370c686818","KB5007401-Windows1020h2Client-RTM-CriticalDU-X86-TSL-World","None","Windows10.0-KB5007401-x86.cab","134558","Microsoft","Windows","Windows 10 Dynamic Update","Critical Updates","Unspecified","","Software","Published","False","False","Ready","True","False","False","False","False","False","False","False","False","False","MicrosoftUpdate","https://support.microsoft.com/help/5007401","ComponentUpdate:","","http://download.windowsupdate.com/c/msdownload/update/software/crup/2021/11/windows10.0-kb5007401-x86_70e75294c8753f96b7d1b036c9caa9ab9ab5e1f2.cab","http://download.windowsupdate.com/c/msdownload/update/software/crup/2021/11/windows10.0-kb5007401-x86_70e75294c8753f96b7d1b036c9caa9ab9ab5e1f2.cab","112 231 82 148 200 117 63 150 183 209 176 54 201 202 169 171 154 181 225 242","249 164 151 186 186 193 135 66 163 76 139 100 228 122 170 227 71 27 45 123 14 169 82 199 201 131 233 21 83 49 148 32","","","d3d7d64b-a988-4fe7-8f45-f3780d4478b1","Windows 10 Dynamic Update","d3d7d64b-a988-4fe7-8f45-f3780d4478b1"
"Windows 10 Dynamic Update","22.3.8.1","","Windows 10","21H1","x64","ComponentDU Critical","11/22/2021 10:00:06 PM","5007401","5007401","2021-11 Dynamic Update for Windows 10 Version 21H1 for x64-based Systems (KB5007401)","4cc700c2-ba13-43cd-97d4-a6b12f78d653","KB5007401-Windows1021h1Client-RTM-CriticalDU-X64-TSL-World","None","Windows10.0-KB5007401-x64.cab","277573","Microsoft","Windows","Windows 10 Dynamic Update","Critical Updates","Unspecified","","Software","Published","False","False","Ready","True","False","False","False","False","False","False","False","False","False","MicrosoftUpdate","https://support.microsoft.com/help/5007401","ComponentUpdate:","","http://download.windowsupdate.com/c/msdownload/update/software/crup/2021/11/windows10.0-kb5007401-x64_f1bf61d834bb8d9951c7efa23454643daae195b0.cab","http://download.windowsupdate.com/c/msdownload/update/software/crup/2021/11/windows10.0-kb5007401-x64_f1bf61d834bb8d9951c7efa23454643daae195b0.cab","241 191 97 216 52 187 141 153 81 199 239 162 52 84 100 61 170 225 149 176","220 210 234 116 187 118 31 245 248 31 63 193 79 122 73 158 149 91 174 249 250 121 92 202 88 116 28 57 245 185 69 205","","","26815623-0858-4cd7-9cbf-74ee3dca93db","Windows 10 Dynamic Update","26815623-0858-4cd7-9cbf-74ee3dca93db"
"Windows 10 Dynamic Update","22.3.8.1","","Windows 10","21H1","x86","ComponentDU Critical","11/22/2021 10:00:06 PM","5007401","5007401","2021-11 Dynamic Update for Windows 10 Version 21H1 for x86-based Systems (KB5007401)","0811bee6-6d4a-44bf-b716-276bb4d9e396","KB5007401-Windows1021h1Client-RTM-CriticalDU-X86-TSL-World","None","Windows10.0-KB5007401-x86.cab","134558","Microsoft","Windows","Windows 10 Dynamic Update","Critical Updates","Unspecified","","Software","Published","False","False","Ready","True","False","False","False","False","False","False","False","False","False","MicrosoftUpdate","https://support.microsoft.com/help/5007401","ComponentUpdate:","","http://download.windowsupdate.com/c/msdownload/update/software/crup/2021/11/windows10.0-kb5007401-x86_70e75294c8753f96b7d1b036c9caa9ab9ab5e1f2.cab","http://download.windowsupdate.com/c/msdownload/update/software/crup/2021/11/windows10.0-kb5007401-x86_70e75294c8753f96b7d1b036c9caa9ab9ab5e1f2.cab","112 231 82 148 200 117 63 150 183 209 176 54 201 202 169 171 154 181 225 242","249 164 151 186 186 193 135 66 163 76 139 100 228 122 170 227 71 27 45 123 14 169 82 199 201 131 233 21 83 49 148 32","","","5e8d7cc0-fd42-4c22-87ca-80f6caf6ccc8","Windows 10 Dynamic Update","5e8d7cc0-fd42-4c22-87ca-80f6caf6ccc8"
"Windows 10 Dynamic Update","22.3.8.1","","Windows 10","21H2","x64","ComponentDU Critical","11/22/2021 10:00:06 PM","5007401","5007401","2021-11 Dynamic Update for Windows 10 Version 21H2 for x64-based Systems (KB5007401)","e285fc8f-7830-44ee-9fce-712aa576f3f6","KB5007401-Windows1021h2Client-RTM-CriticalDU-X64-TSL-World","None","Windows10.0-KB5007401-x64.cab","277573","Microsoft","Windows","Windows 10 Dynamic Update","Critical Updates","Unspecified","","Software","Published","False","False","Ready","True","False","False","False","False","False","False","False","False","False","MicrosoftUpdate","https://support.microsoft.com/help/5007401","ComponentUpdate:","","http://download.windowsupdate.com/c/msdownload/update/software/crup/2021/11/windows10.0-kb5007401-x64_f1bf61d834bb8d9951c7efa23454643daae195b0.cab","http://download.windowsupdate.com/c/msdownload/update/software/crup/2021/11/windows10.0-kb5007401-x64_f1bf61d834bb8d9951c7efa23454643daae195b0.cab","241 191 97 216 52 187 141 153 81 199 239 162 52 84 100 61 170 225 149 176","220 210 234 116 187 118 31 245 248 31 63 193 79 122 73 158 149 91 174 249 250 121 92 202 88 116 28 57 245 185 69 205","","","09e9407c-5b53-4e3c-a4f6-bb5c7e1d662d","Windows 10 Dynamic Update","09e9407c-5b53-4e3c-a4f6-bb5c7e1d662d"
"Windows 10 Dynamic Update","22.3.8.1","","Windows 10","21H2","x86","ComponentDU Critical","11/22/2021 10:00:06 PM","5007401","5007401","2021-11 Dynamic Update for Windows 10 Version 21H2 for x86-based Systems (KB5007401)","bed43465-f9e3-40f6-9e55-6d1646f3b83a","KB5007401-Windows1021h2Client-RTM-CriticalDU-X86-TSL-World","None","Windows10.0-KB5007401-x86.cab","134558","Microsoft","Windows","Windows 10 Dynamic Update","Critical Updates","Unspecified","","Software","Published","False","False","Ready","True","False","False","False","False","False","False","False","False","False","MicrosoftUpdate","https://support.microsoft.com/help/5007401","ComponentUpdate:","","http://download.windowsupdate.com/c/msdownload/update/software/crup/2021/11/windows10.0-kb5007401-x86_70e75294c8753f96b7d1b036c9caa9ab9ab5e1f2.cab","http://download.windowsupdate.com/c/msdownload/update/software/crup/2021/11/windows10.0-kb5007401-x86_70e75294c8753f96b7d1b036c9caa9ab9ab5e1f2.cab","112 231 82 148 200 117 63 150 183 209 176 54 201 202 169 171 154 181 225 242","249 164 151 186 186 193 135 66 163 76 139 100 228 122 170 227 71 27 45 123 14 169 82 199 201 131 233 21 83 49 148 32","","","305a7d3b-b339-4391-bdcd-b28954f76c61","Windows 10 Dynamic Update","305a7d3b-b339-4391-bdcd-b28954f76c61"
"Windows 10 Dynamic Update","22.3.8.1","","Windows 10","2004","x64","SetupDU","11/22/2021 10:00:06 PM","5007402","5007402","2021-11 Dynamic Update for Windows 10 Version 2004 for x64-based Systems (KB5007402)","7d80df87-8890-4759-ad4f-82b3f55b8947","KB5007402-Windows1020h1Client-RTM-SetupDU-X64-TSL-World","None","Windows10.0-KB5007402-x64.cab","15353158","Microsoft","Windows","Windows 10 Dynamic Update","Critical Updates","Unspecified","","Software","Published","False","False","Ready","True","False","False","False","False","False","True","False","False","False","MicrosoftUpdate","https://support.microsoft.com/help/5007402","SetupUpdate:","","http://download.windowsupdate.com/c/msdownload/update/software/crup/2021/11/windows10.0-kb5007402-x64_93b65e8918e82d6de60c3f28bf9008eeb016d8be.cab","http://download.windowsupdate.com/c/msdownload/update/software/crup/2021/11/windows10.0-kb5007402-x64_93b65e8918e82d6de60c3f28bf9008eeb016d8be.cab","147 182 94 137 24 232 45 109 230 12 63 40 191 144 8 238 176 22 216 190","149 90 62 44 54 47 78 218 104 208 138 62 87 107 191 163 166 163 245 101 42 87 182 51 237 107 100 97 214 203 116 67","","","688bd373-fad7-4939-a883-ce75980500a5","Windows 10 Dynamic Update","688bd373-fad7-4939-a883-ce75980500a5"
"Windows 10 Dynamic Update","22.3.8.1","","Windows 10","2004","x86","SetupDU","11/22/2021 10:00:06 PM","5007402","5007402","2021-11 Dynamic Update for Windows 10 Version 2004 for x86-based Systems (KB5007402)","0cf37fd6-cf18-42e6-8891-244af347eb68","KB5007402-Windows1020h1Client-RTM-SetupDU-X86-TSL-World","None","Windows10.0-KB5007402-x86.cab","13147224","Microsoft","Windows","Windows 10 Dynamic Update","Critical Updates","Unspecified","","Software","Published","False","False","Ready","True","False","False","False","False","False","True","False","False","False","MicrosoftUpdate","https://support.microsoft.com/help/5007402","SetupUpdate:","","http://download.windowsupdate.com/c/msdownload/update/software/crup/2021/11/windows10.0-kb5007402-x86_932f0a501d5378841aff48278aab04da9c30474f.cab","http://download.windowsupdate.com/c/msdownload/update/software/crup/2021/11/windows10.0-kb5007402-x86_932f0a501d5378841aff48278aab04da9c30474f.cab","147 47 10 80 29 83 120 132 26 255 72 39 138 171 4 218 156 48 71 79","76 162 174 246 147 99 19 19 29 134 113 253 119 57 147 27 102 237 231 42 242 143 191 111 235 20 124 177 114 29 188 38","","","c5e125ab-19a2-415d-9d47-3ad36811ff08","Windows 10 Dynamic Update","c5e125ab-19a2-415d-9d47-3ad36811ff08"
"Windows 10 Dynamic Update","22.3.8.1","","Windows 10","20H2","x64","SetupDU","2/15/2022 6:00:06 PM","5010524","5010524","2022-02 Dynamic Update for Windows 10 Version 20H2 for x64-based Systems (KB5010524)","f94b08e4-07cc-44f7-8696-8ddfe6bfc377","KB5010524-Windows1020h2Client-RTM-SetupDU-X64-TSL-World","None","Windows10.0-KB5010524-x64.cab","15331034","Microsoft","Windows","Windows 10 Dynamic Update","Critical Updates","Unspecified","","Software","Published","False","False","Ready","True","False","False","False","False","False","True","False","False","False","MicrosoftUpdate","https://support.microsoft.com/help/5010524","SetupUpdate:","","http://download.windowsupdate.com/c/msdownload/update/software/crup/2022/02/windows10.0-kb5010524-x64_39a338080df5a19e491a1f19ac57117cb8944cba.cab","http://download.windowsupdate.com/c/msdownload/update/software/crup/2022/02/windows10.0-kb5010524-x64_39a338080df5a19e491a1f19ac57117cb8944cba.cab","57 163 56 8 13 245 161 158 73 26 31 25 172 87 17 124 184 148 76 186","98 86 7 205 254 168 160 131 102 76 136 253 89 3 216 134 76 51 103 132 236 107 245 63 210 68 49 71 126 101 147 76","","","32f6f47c-bf11-421c-b3d8-a95e4759e2e8","Windows 10 Dynamic Update","32f6f47c-bf11-421c-b3d8-a95e4759e2e8"
"Windows 10 Dynamic Update","22.3.8.1","","Windows 10","20H2","x86","SetupDU","2/15/2022 6:00:06 PM","5010524","5010524","2022-02 Dynamic Update for Windows 10 Version 20H2 for x86-based Systems (KB5010524)","25b2b7ec-1db4-43a4-a9ca-d4cd31d74b5e","KB5010524-Windows1020h2Client-RTM-SetupDU-X86-TSL-World","None","Windows10.0-KB5010524-x86.cab","13168636","Microsoft","Windows","Windows 10 Dynamic Update","Critical Updates","Unspecified","","Software","Published","False","False","Ready","True","False","False","False","False","False","True","False","False","False","MicrosoftUpdate","https://support.microsoft.com/help/5010524","SetupUpdate:","","http://download.windowsupdate.com/c/msdownload/update/software/crup/2022/02/windows10.0-kb5010524-x86_85975e359639e679131d7ef6cb83e0496d750088.cab","http://download.windowsupdate.com/c/msdownload/update/software/crup/2022/02/windows10.0-kb5010524-x86_85975e359639e679131d7ef6cb83e0496d750088.cab","133 151 94 53 150 57 230 121 19 29 126 246 203 131 224 73 109 117 0 136","6 135 127 172 67 5 169 171 199 9 176 210 125 37 213 250 224 61 70 184 165 170 148 20 234 11 147 44 151 17 73 88","","","e4976a5a-758d-432d-8829-bc884795daf5","Windows 10 Dynamic Update","e4976a5a-758d-432d-8829-bc884795daf5"
"Windows 10 Dynamic Update","22.3.8.1","","Windows 10","21H1","x64","SetupDU","2/15/2022 6:00:06 PM","5010524","5010524","2022-02 Dynamic Update for Windows 10 Version 21H1 for x64-based Systems (KB5010524)","db513042-cb0c-4480-822b-ace554c2b779","KB5010524-Windows1021h1Client-RTM-SetupDU-X64-TSL-World","None","Windows10.0-KB5010524-x64.cab","15331034","Microsoft","Windows","Windows 10 Dynamic Update","Critical Updates","Unspecified","","Software","Published","False","False","Ready","True","False","False","False","False","False","True","False","False","False","MicrosoftUpdate","https://support.microsoft.com/help/5010524","SetupUpdate:","","http://download.windowsupdate.com/c/msdownload/update/software/crup/2022/02/windows10.0-kb5010524-x64_39a338080df5a19e491a1f19ac57117cb8944cba.cab","http://download.windowsupdate.com/c/msdownload/update/software/crup/2022/02/windows10.0-kb5010524-x64_39a338080df5a19e491a1f19ac57117cb8944cba.cab","57 163 56 8 13 245 161 158 73 26 31 25 172 87 17 124 184 148 76 186","98 86 7 205 254 168 160 131 102 76 136 253 89 3 216 134 76 51 103 132 236 107 245 63 210 68 49 71 126 101 147 76","","","43b96228-65b7-462d-9824-185244202a1f","Windows 10 Dynamic Update","43b96228-65b7-462d-9824-185244202a1f"
"Windows 10 Dynamic Update","22.3.8.1","","Windows 10","21H1","x86","SetupDU","2/15/2022 6:00:06 PM","5010524","5010524","2022-02 Dynamic Update for Windows 10 Version 21H1 for x86-based Systems (KB5010524)","53e95ef3-dd5a-496e-905f-aa4e0bed7a50","KB5010524-Windows1021h1Client-RTM-SetupDU-X86-TSL-World","None","Windows10.0-KB5010524-x86.cab","13168636","Microsoft","Windows","Windows 10 Dynamic Update","Critical Updates","Unspecified","","Software","Published","False","False","Ready","True","False","False","False","False","False","True","False","False","False","MicrosoftUpdate","https://support.microsoft.com/help/5010524","SetupUpdate:","","http://download.windowsupdate.com/c/msdownload/update/software/crup/2022/02/windows10.0-kb5010524-x86_85975e359639e679131d7ef6cb83e0496d750088.cab","http://download.windowsupdate.com/c/msdownload/update/software/crup/2022/02/windows10.0-kb5010524-x86_85975e359639e679131d7ef6cb83e0496d750088.cab","133 151 94 53 150 57 230 121 19 29 126 246 203 131 224 73 109 117 0 136","6 135 127 172 67 5 169 171 199 9 176 210 125 37 213 250 224 61 70 184 165 170 148 20 234 11 147 44 151 17 73 88","","","a0034e05-e288-4d4d-b058-3c6a2d453bb2","Windows 10 Dynamic Update","a0034e05-e288-4d4d-b058-3c6a2d453bb2"
"Windows 10 Dynamic Update","22.3.8.1","","Windows 10","21H2","x64","SetupDU","2/15/2022 6:00:06 PM","5010524","5010524","2022-02 Dynamic Update for Windows 10 Version 21H2 for x64-based Systems (KB5010524)","cba6027a-f0dd-4794-bd49-7540061dc42a","KB5010524-Windows1021h2Client-RTM-SetupDU-X64-TSL-World","None","Windows10.0-KB5010524-x64.cab","15331034","Microsoft","Windows","Windows 10 Dynamic Update","Critical Updates","Unspecified","","Software","Published","False","False","Ready","True","False","False","False","False","False","True","False","False","False","MicrosoftUpdate","https://support.microsoft.com/help/5010524","SetupUpdate:","","http://download.windowsupdate.com/c/msdownload/update/software/crup/2022/02/windows10.0-kb5010524-x64_39a338080df5a19e491a1f19ac57117cb8944cba.cab","http://download.windowsupdate.com/c/msdownload/update/software/crup/2022/02/windows10.0-kb5010524-x64_39a338080df5a19e491a1f19ac57117cb8944cba.cab","57 163 56 8 13 245 161 158 73 26 31 25 172 87 17 124 184 148 76 186","98 86 7 205 254 168 160 131 102 76 136 253 89 3 216 134 76 51 103 132 236 107 245 63 210 68 49 71 126 101 147 76","","","b20c371e-6659-469c-992c-48ff20cb9273","Windows 10 Dynamic Update","b20c371e-6659-469c-992c-48ff20cb9273"
"Windows 10 Dynamic Update","22.3.8.1","","Windows 10","21H2","x86","SetupDU","2/15/2022 6:00:06 PM","5010524","5010524","2022-02 Dynamic Update for Windows 10 Version 21H2 for x86-based Systems (KB5010524)","8a0880e4-5735-4ada-8faa-6a565279a1cb","KB5010524-Windows1021h2Client-RTM-SetupDU-X86-TSL-World","None","Windows10.0-KB5010524-x86.cab","13168636","Microsoft","Windows","Windows 10 Dynamic Update","Critical Updates","Unspecified","","Software","Published","False","False","Ready","True","False","False","False","False","False","True","False","False","False","MicrosoftUpdate","https://support.microsoft.com/help/5010524","SetupUpdate:","","http://download.windowsupdate.com/c/msdownload/update/software/crup/2022/02/windows10.0-kb5010524-x86_85975e359639e679131d7ef6cb83e0496d750088.cab","http://download.windowsupdate.com/c/msdownload/update/software/crup/2022/02/windows10.0-kb5010524-x86_85975e359639e679131d7ef6cb83e0496d750088.cab","133 151 94 53 150 57 230 121 19 29 126 246 203 131 224 73 109 117 0 136","6 135 127 172 67 5 169 171 199 9 176 210 125 37 213 250 224 61 70 184 165 170 148 20 234 11 147 44 151 17 73 88","","","b2f37fda-fc91-49ef-a3f3-5ba29bd2e1bd","Windows 10 Dynamic Update","b2f37fda-fc91-49ef-a3f3-5ba29bd2e1bd"
"Windows 10 Dynamic Update","22.3.8.1","","Windows 10","20H2","x64","ComponentDU SafeOS","3/8/2022 6:00:06 PM","5012419","5012419","2022-03 Dynamic Update for Windows 10 Version 20H2 for x64-based Systems (KB5012419)","f8cad8e8-53e6-4a7c-8e4f-315dcfead455","KB5012419-Windows1020h2Client-RTM-SafeOSDU-X64-TSL-World","None","Windows10.0-KB5012419-x64.cab","2301795","Microsoft","Windows","Windows Safe OS Dynamic Update Windows 10 Dynamic Update","Critical Updates","Unspecified","","Software","Published","False","False","Ready","True","False","False","False","False","False","True","False","False","False","MicrosoftUpdate","https://support.microsoft.com/help/5012419","ComponentUpdate:","","http://download.windowsupdate.com/c/msdownload/update/software/crup/2022/03/windows10.0-kb5012419-x64_b58ae0266bcd713acc15609ccfffc774cfdf9ef6.cab","http://download.windowsupdate.com/c/msdownload/update/software/crup/2022/03/windows10.0-kb5012419-x64_b58ae0266bcd713acc15609ccfffc774cfdf9ef6.cab","181 138 224 38 107 205 113 58 204 21 96 156 207 255 199 116 207 223 158 246","135 122 36 35 249 89 39 80 85 1 84 166 33 46 23 129 219 11 34 198 117 233 209 74 221 139 229 32 130 134 171 249","","","69fa23fb-4839-4291-adb3-f800ea217ba7","Windows 10 Dynamic Update","69fa23fb-4839-4291-adb3-f800ea217ba7"
"Windows 10 Dynamic Update","22.3.8.1","","Windows 10","20H2","x86","ComponentDU SafeOS","3/8/2022 6:00:06 PM","5012419","5012419","2022-03 Dynamic Update for Windows 10 Version 20H2 for x86-based Systems (KB5012419)","d9fb76b4-4d32-46b6-aae7-7d490795fb3b","KB5012419-Windows1020h2Client-RTM-SafeOSDU-X86-TSL-World","None","Windows10.0-KB5012419-x86.cab","870581","Microsoft","Windows","Windows Safe OS Dynamic Update Windows 10 Dynamic Update","Critical Updates","Unspecified","","Software","Published","False","False","Ready","True","False","False","False","False","False","True","False","False","False","MicrosoftUpdate","https://support.microsoft.com/help/5012419","ComponentUpdate:","","http://download.windowsupdate.com/c/msdownload/update/software/crup/2022/03/windows10.0-kb5012419-x86_baa5ed7f9c1bee62752b5f5750058557b4862885.cab","http://download.windowsupdate.com/c/msdownload/update/software/crup/2022/03/windows10.0-kb5012419-x86_baa5ed7f9c1bee62752b5f5750058557b4862885.cab","186 165 237 127 156 27 238 98 117 43 95 87 80 5 133 87 180 134 40 133","209 207 247 141 191 211 131 194 11 183 73 34 84 72 118 4 36 133 90 76 202 90 55 238 232 18 111 15 224 105 64 122","","","062ebaf6-bee4-4744-96f9-01470b585c4a","Windows 10 Dynamic Update","062ebaf6-bee4-4744-96f9-01470b585c4a"
"Windows 10 Dynamic Update","22.3.8.1","","Windows 10","21H1","x64","ComponentDU SafeOS","3/8/2022 6:00:06 PM","5012419","5012419","2022-03 Dynamic Update for Windows 10 Version 21H1 for x64-based Systems (KB5012419)","5c61864a-f1e7-4560-845e-600cbfe9bfa8","KB5012419-Windows1021h1Client-RTM-SafeOSDU-X64-TSL-World","None","Windows10.0-KB5012419-x64.cab","2301795","Microsoft","Windows","Windows Safe OS Dynamic Update Windows 10 Dynamic Update","Critical Updates","Unspecified","","Software","Published","False","False","Ready","True","False","False","False","False","False","True","False","False","False","MicrosoftUpdate","https://support.microsoft.com/help/5012419","ComponentUpdate:","","http://download.windowsupdate.com/c/msdownload/update/software/crup/2022/03/windows10.0-kb5012419-x64_b58ae0266bcd713acc15609ccfffc774cfdf9ef6.cab","http://download.windowsupdate.com/c/msdownload/update/software/crup/2022/03/windows10.0-kb5012419-x64_b58ae0266bcd713acc15609ccfffc774cfdf9ef6.cab","181 138 224 38 107 205 113 58 204 21 96 156 207 255 199 116 207 223 158 246","135 122 36 35 249 89 39 80 85 1 84 166 33 46 23 129 219 11 34 198 117 233 209 74 221 139 229 32 130 134 171 249","","","9fac87d1-03e3-420c-aae5-512831a3bba3","Windows 10 Dynamic Update","9fac87d1-03e3-420c-aae5-512831a3bba3"
"Windows 10 Dynamic Update","22.3.8.1","","Windows 10","21H1","x86","ComponentDU SafeOS","3/8/2022 6:00:06 PM","5012419","5012419","2022-03 Dynamic Update for Windows 10 Version 21H1 for x86-based Systems (KB5012419)","b2972746-cbdc-42d7-8e10-f84e427e2a7d","KB5012419-Windows1021h1Client-RTM-SafeOSDU-X86-TSL-World","None","Windows10.0-KB5012419-x86.cab","870581","Microsoft","Windows","Windows Safe OS Dynamic Update Windows 10 Dynamic Update","Critical Updates","Unspecified","","Software","Published","False","False","Ready","True","False","False","False","False","False","True","False","False","False","MicrosoftUpdate","https://support.microsoft.com/help/5012419","ComponentUpdate:","","http://download.windowsupdate.com/c/msdownload/update/software/crup/2022/03/windows10.0-kb5012419-x86_baa5ed7f9c1bee62752b5f5750058557b4862885.cab","http://download.windowsupdate.com/c/msdownload/update/software/crup/2022/03/windows10.0-kb5012419-x86_baa5ed7f9c1bee62752b5f5750058557b4862885.cab","186 165 237 127 156 27 238 98 117 43 95 87 80 5 133 87 180 134 40 133","209 207 247 141 191 211 131 194 11 183 73 34 84 72 118 4 36 133 90 76 202 90 55 238 232 18 111 15 224 105 64 122","","","fa00c93e-47a7-469a-bc72-946f0c84045e","Windows 10 Dynamic Update","fa00c93e-47a7-469a-bc72-946f0c84045e"
"Windows 10 Dynamic Update","22.3.8.1","","Windows 10","21H2","x64","ComponentDU SafeOS","3/8/2022 6:00:06 PM","5012419","5012419","2022-03 Dynamic Update for Windows 10 Version 21H2 for x64-based Systems (KB5012419)","6d79f52b-4b21-4bf7-b357-868a60d7ff5a","KB5012419-Windows1021h2Client-RTM-SafeOSDU-X64-TSL-World","None","Windows10.0-KB5012419-x64.cab","2301795","Microsoft","Windows","Windows Safe OS Dynamic Update Windows 10 Dynamic Update","Critical Updates","Unspecified","","Software","Published","False","False","Ready","True","False","False","False","False","False","True","False","False","False","MicrosoftUpdate","https://support.microsoft.com/help/5012419","ComponentUpdate:","","http://download.windowsupdate.com/c/msdownload/update/software/crup/2022/03/windows10.0-kb5012419-x64_b58ae0266bcd713acc15609ccfffc774cfdf9ef6.cab","http://download.windowsupdate.com/c/msdownload/update/software/crup/2022/03/windows10.0-kb5012419-x64_b58ae0266bcd713acc15609ccfffc774cfdf9ef6.cab","181 138 224 38 107 205 113 58 204 21 96 156 207 255 199 116 207 223 158 246","135 122 36 35 249 89 39 80 85 1 84 166 33 46 23 129 219 11 34 198 117 233 209 74 221 139 229 32 130 134 171 249","","","6797ca65-92d5-46ee-8c88-94037f350e3d","Windows 10 Dynamic Update","6797ca65-92d5-46ee-8c88-94037f350e3d"
"Windows 10 Dynamic Update","22.3.8.1","","Windows 10","21H2","x86","ComponentDU SafeOS","3/8/2022 6:00:06 PM","5012419","5012419","2022-03 Dynamic Update for Windows 10 Version 21H2 for x86-based Systems (KB5012419)","c6f099d9-41e1-4b34-baba-3720441b1c95","KB5012419-Windows1021h2Client-RTM-SafeOSDU-X86-TSL-World","None","Windows10.0-KB5012419-x86.cab","870581","Microsoft","Windows","Windows Safe OS Dynamic Update Windows 10 Dynamic Update","Critical Updates","Unspecified","","Software","Published","False","False","Ready","True","False","False","False","False","False","True","False","False","False","MicrosoftUpdate","https://support.microsoft.com/help/5012419","ComponentUpdate:","","http://download.windowsupdate.com/c/msdownload/update/software/crup/2022/03/windows10.0-kb5012419-x86_baa5ed7f9c1bee62752b5f5750058557b4862885.cab","http://download.windowsupdate.com/c/msdownload/update/software/crup/2022/03/windows10.0-kb5012419-x86_baa5ed7f9c1bee62752b5f5750058557b4862885.cab","186 165 237 127 156 27 238 98 117 43 95 87 80 5 133 87 180 134 40 133","209 207 247 141 191 211 131 194 11 183 73 34 84 72 118 4 36 133 90 76 202 90 55 238 232 18 111 15 224 105 64 122","","","1878bf84-8251-4160-a2a6-ee7611f634b6","Windows 10 Dynamic Update","1878bf84-8251-4160-a2a6-ee7611f634b6"
